Member ID,Expiry date,Last Payment Date,Region,City,Date Signed up,Last logged in
,,"	-",N/A,N/A,"Aug 28, 2024, 10:44 PM","Aug 28, 2024, 10:44 PM"
,,"	-",Auckland,Auckland,"May 28, 2022, 10:32 PM","May 28, 2022, 10:32 PM"
,,"	-",N/A,N/A,"Sep 16, 2023, 9:31 PM","Sep 16, 2023, 9:31 PM"
,,"	-",N/A,N/A,"Aug 30, 2024, 11:09 AM","Aug 30, 2024, 11:09 AM"
,,"	-",N/A,N/A,"Sep 18, 2023, 10:23 AM","May 27, 2024, 9:30 AM"
,,"	-",N/A,N/A,"Sep 1, 2024, 6:26 PM","Sep 1, 2024, 6:26 PM"
,,"	-",N/A,N/A,"Jun 29, 2022, 2:25 PM","Jun 29, 2022, 2:25 PM"
,,"	-",N/A,N/A,"Jun 29, 2022, 7:21 PM","Jun 29, 2022, 7:21 PM"
,,"	-",Canterbury,Christchurch,"Sep 21, 2023, 11:03 PM","Sep 21, 2023, 11:03 PM"
,,"	-",N/A,N/A,"Sep 8, 2024, 9:44 PM","Sep 8, 2024, 9:44 PM"
,,"	-",N/A,N/A,"Jul 14, 2022, 3:26 PM","Jul 14, 2022, 3:26 PM"
,,"	-",N/A,N/A,"Sep 10, 2024, 5:58 PM","Sep 10, 2024, 5:58 PM"
,,"	-",N/A,N/A,"Sep 11, 2024, 5:06 PM","Sep 11, 2024, 5:06 PM"
,,"	-",N/A,N/A,"Sep 11, 2024, 7:56 PM","Sep 11, 2024, 7:56 PM"
,,"	-",Canterbury,Rolleston,"Sep 22, 2023, 10:45 AM","Sep 22, 2023, 10:45 AM"
,,"	-",N/A,N/A,"Sep 11, 2024, 9:21 PM","Sep 11, 2024, 9:30 PM"
,,"	-",N/A,N/A,"Aug 17, 2022, 12:00 PM","Aug 17, 2022, 12:00 PM"
,,"	-",N/A,N/A,"Aug 17, 2022, 4:07 PM","Aug 17, 2022, 4:07 PM"
,,"	-",N/A,N/A,"Sep 22, 2023, 8:09 PM","Sep 22, 2023, 8:09 PM"
,,"	-",N/A,N/A,"Sep 2, 2022, 7:03 PM","Aug 18, 2023, 3:17 PM"
,,"	-",N/A,N/A,"Sep 4, 2022, 1:09 PM","Sep 4, 2022, 1:09 PM"
,,"	-",N/A,N/A,"Sep 26, 2023, 3:16 PM","Sep 26, 2023, 3:16 PM"
,,"	-",Auckland,Auckland,"Sep 13, 2024, 4:33 PM","Sep 13, 2024, 4:33 PM"
,,"	-",Canterbury,Christchurch,"Sep 28, 2023, 10:19 PM","Sep 28, 2023, 10:19 PM"
,,"	-",N/A,N/A,"Sep 21, 2022, 3:16 PM","Sep 21, 2022, 3:28 PM"
,,"	-",N/A,N/A,"Oct 10, 2023, 10:26 AM","Apr 19, 2024, 5:41 PM"
,,"	-",N/A,N/A,"Oct 20, 2023, 8:18 AM","Oct 20, 2023, 8:19 AM"
,,"	-",Auckland,Auckland,"Sep 29, 2022, 9:04 PM","Jun 5, 2024, 7:27 PM"
,,"	-",N/A,N/A,"Oct 26, 2023, 6:05 PM","Oct 26, 2023, 6:05 PM"
,,"	-",N/A,N/A,"Oct 5, 2022, 4:52 PM","Oct 5, 2022, 4:52 PM"
,,"	-",N/A,N/A,"Oct 26, 2023, 7:51 PM","Oct 26, 2023, 7:51 PM"
,,"	-",N/A,N/A,"Oct 6, 2022, 8:50 PM","Oct 6, 2022, 8:50 PM"
,,"	-",Canterbury,Christchurch,"Oct 26, 2023, 8:56 PM","Oct 26, 2023, 8:56 PM"
,,"	-",Auckland,Auckland,"Oct 26, 2023, 9:46 PM","Oct 26, 2023, 9:46 PM"
,,"	-",Auckland,Auckland,"Oct 15, 2022, 11:51 PM","Oct 20, 2022, 3:57 PM"
,,"	-",N/A,N/A,"Oct 16, 2022, 2:19 PM","Nov 23, 2022, 10:36 PM"
,,"	-",N/A,N/A,"Nov 16, 2023, 10:05 AM","Nov 16, 2023, 10:07 AM"
,,"	-",N/A,N/A,"Oct 19, 2022, 11:25 AM","Oct 19, 2022, 11:27 AM"
,,"	-",N/A,N/A,"Oct 20, 2022, 7:25 PM","Oct 20, 2022, 7:25 PM"
,,"	-",N/A,N/A,"Nov 27, 2023, 8:59 AM","Nov 27, 2023, 8:59 AM"
,,"	-",N/A,N/A,"Oct 24, 2022, 11:57 AM","Oct 24, 2022, 11:57 AM"
,,"	-",N/A,N/A,"Nov 29, 2023, 8:11 PM","Nov 29, 2023, 8:11 PM"
,,"	-",N/A,N/A,"Oct 29, 2022, 9:32 PM","Oct 29, 2022, 9:32 PM"
,,"	-",N/A,N/A,"Dec 7, 2023, 1:37 AM","Dec 7, 2023, 1:37 AM"
,,"	-",Auckland,Auckland,"Dec 9, 2023, 1:46 AM","Dec 9, 2023, 1:46 AM"
,,"	-",N/A,N/A,"Dec 13, 2023, 3:36 PM","Aug 16, 2024, 6:52 PM"
,,"	-",N/A,N/A,"Nov 17, 2022, 7:11 PM","Nov 17, 2022, 7:11 PM"
,,"	-",N/A,N/A,"Dec 18, 2023, 6:08 PM","Dec 18, 2023, 6:08 PM"
,,"	-",N/A,N/A,"Dec 18, 2023, 10:52 PM","Dec 18, 2023, 10:52 PM"
,,"	-",N/A,N/A,"Dec 20, 2023, 8:22 AM","Dec 20, 2023, 8:22 AM"
,,"	-",N/A,N/A,"Dec 26, 2023, 10:47 AM","Dec 26, 2023, 10:47 AM"
,,"	-",N/A,N/A,"Nov 23, 2022, 2:46 PM","Mar 21, 2024, 11:09 AM"
,,"	-",Canterbury,Christchurch,"Dec 30, 2023, 4:12 PM","Dec 30, 2023, 4:12 PM"
,,"	-",N/A,N/A,"Jan 1, 2024, 3:13 AM","Jan 1, 2024, 3:18 AM"
,,"	-",N/A,N/A,"Nov 24, 2022, 2:54 PM","Nov 24, 2022, 2:54 PM"
,,"	-",Wellington,Lower Hutt,"Jan 3, 2024, 5:49 PM","May 12, 2024, 12:22 PM"
,,"	-",N/A,N/A,"Jan 15, 2024, 5:21 PM","Jan 28, 2024, 11:22 PM"
,,"	-",Auckland,Auckland,"Jan 23, 2024, 4:45 PM","Jan 23, 2024, 4:45 PM"
,,"	-",Wellington,Lower Hutt,"Dec 1, 2022, 7:02 PM","Dec 1, 2022, 11:02 PM"
,,"	-",陕西省,西安市,"Dec 2, 2022, 7:32 PM","Dec 2, 2022, 7:32 PM"
,,"	-",N/A,N/A,"Dec 2, 2022, 9:18 PM","Aug 23, 2023, 8:44 PM"
,,"	-",N/A,N/A,"Feb 11, 2024, 9:25 PM","Feb 12, 2024, 10:39 PM"
,,"	-",N/A,N/A,"Feb 20, 2024, 3:08 PM","Feb 20, 2024, 3:08 PM"
,,"	-",Auckland,Auckland,"Dec 12, 2022, 2:23 PM","Dec 12, 2022, 2:24 PM"
,,"	-",N/A,N/A,"Feb 25, 2024, 11:37 PM","Feb 25, 2024, 11:37 PM"
,,"	-",N/A,N/A,"Feb 26, 2024, 8:04 PM","Feb 26, 2024, 8:04 PM"
,,"	-",Auckland,Auckland,"Dec 26, 2022, 12:18 PM","Dec 26, 2022, 10:36 PM"
,,"	-",N/A,N/A,"Jan 26, 2023, 4:05 AM","Jan 26, 2023, 4:05 AM"
,,"	-",Auckland,Auckland,"Mar 6, 2024, 2:58 AM","Mar 6, 2024, 5:10 AM"
,,"	-",Auckland,Auckland,"Mar 13, 2024, 11:12 PM","Sep 9, 2024, 10:11 PM"
,,"	-",N/A,N/A,"Mar 14, 2024, 3:45 AM","Mar 14, 2024, 3:45 AM"
,,"	-",N/A,N/A,"Mar 20, 2024, 1:02 PM","Mar 20, 2024, 1:03 PM"
,,"	-",N/A,N/A,"Mar 23, 2024, 10:14 PM","Mar 23, 2024, 10:14 PM"
,,"	-",N/A,N/A,"Mar 25, 2024, 6:52 PM","Apr 8, 2024, 8:02 PM"
,,"	-",N/A,N/A,"Mar 26, 2024, 2:13 PM","Mar 26, 2024, 2:13 PM"
,,"	-",N/A,N/A,"Mar 27, 2024, 10:51 AM","Mar 27, 2024, 10:51 AM"
,,"	-",Auckland,Auckland,"Mar 27, 2024, 5:30 PM","Mar 27, 2024, 9:33 PM"
,,"	-",N/A,N/A,"Mar 27, 2024, 5:32 PM","Mar 27, 2024, 5:33 PM"
,,"	-",Auckland,Auckland,"Mar 27, 2024, 5:37 PM","Mar 27, 2024, 5:38 PM"
,,"	-",N/A,N/A,"Mar 27, 2024, 6:32 PM","Mar 27, 2024, 6:32 PM"
,,"	-",N/A,N/A,"Mar 27, 2024, 7:35 PM","Mar 27, 2024, 7:35 PM"
,,"	-",N/A,N/A,"Mar 28, 2024, 12:10 AM","Mar 28, 2024, 12:11 AM"
,,"	-",Auckland,Auckland,"Apr 7, 2024, 11:31 AM","Apr 7, 2024, 11:38 AM"
,,"	-",N/A,N/A,"Apr 9, 2024, 8:37 AM","Apr 9, 2024, 8:37 AM"
,,"	-",N/A,N/A,"Apr 10, 2024, 2:03 AM","Apr 10, 2024, 2:03 AM"
,,"	-",N/A,N/A,"Apr 12, 2024, 11:53 AM","Apr 12, 2024, 11:53 AM"
,,"	-",N/A,N/A,"Apr 13, 2024, 4:14 PM","Apr 14, 2024, 11:15 AM"
,,"	-",Canterbury,Prebbleton,"Apr 14, 2024, 8:47 PM","Apr 14, 2024, 8:48 PM"
,,"	-",N/A,N/A,"Apr 16, 2024, 10:40 PM","Apr 16, 2024, 10:40 PM"
,,"	-",N/A,N/A,"Apr 18, 2024, 3:57 PM","Apr 18, 2024, 3:57 PM"
,,"	-",N/A,N/A,"Apr 18, 2024, 6:27 PM","Apr 18, 2024, 6:27 PM"
,,"	-",N/A,N/A,"Apr 18, 2024, 8:31 PM","Apr 18, 2024, 8:31 PM"
,,"	-",N/A,N/A,"Apr 18, 2024, 9:55 PM","Apr 18, 2024, 9:58 PM"
,,"	-",N/A,N/A,"Apr 20, 2024, 12:19 PM","Apr 20, 2024, 12:19 PM"
,,"	-",N/A,N/A,"Apr 24, 2024, 11:22 PM","Apr 24, 2024, 11:22 PM"
,,"	-",N/A,N/A,"Apr 25, 2024, 7:26 AM","Apr 25, 2024, 7:26 AM"
,,"	-",N/A,N/A,"Apr 27, 2024, 12:43 PM","Jun 28, 2024, 10:27 PM"
,,"	-",N/A,N/A,"Apr 28, 2024, 9:30 PM","Apr 28, 2024, 9:32 PM"
,,"	-",N/A,N/A,"Apr 29, 2024, 7:01 PM","Apr 29, 2024, 7:01 PM"
,,"	-",N/A,N/A,"May 11, 2024, 1:47 PM","May 11, 2024, 1:48 PM"
,,"	-",N/A,N/A,"May 12, 2024, 9:56 PM","May 12, 2024, 9:56 PM"
,,"	-",N/A,N/A,"Feb 7, 2023, 9:27 PM","Feb 7, 2023, 9:27 PM"
,,"	-",N/A,N/A,"May 13, 2024, 3:24 PM","Aug 30, 2024, 1:51 PM"
,,"	-",Canterbury,Christchurch,"May 13, 2024, 3:54 PM","May 13, 2024, 3:54 PM"
,,"	-",N/A,N/A,"May 14, 2024, 8:51 AM","May 14, 2024, 8:51 AM"
,,"	-",N/A,N/A,"Mar 4, 2023, 5:36 PM","Mar 19, 2023, 8:44 AM"
,,"	-",N/A,N/A,"Mar 4, 2023, 8:30 PM","Mar 4, 2023, 8:30 PM"
,,"	-",N/A,N/A,"May 17, 2024, 11:46 PM","May 17, 2024, 11:46 PM"
,,"	-",N/A,N/A,"May 18, 2024, 12:28 AM","May 18, 2024, 12:28 AM"
,,"	-",N/A,N/A,"Mar 5, 2023, 8:26 PM","Mar 5, 2023, 8:26 PM"
,,"	-",N/A,N/A,"Mar 6, 2023, 1:20 PM","Mar 6, 2023, 1:20 PM"
,,"	-",N/A,N/A,"May 31, 2024, 7:36 AM","May 31, 2024, 7:36 AM"
,,"	-",Auckland,Auckland,"Mar 6, 2023, 2:34 PM","Mar 6, 2023, 2:34 PM"
,,"	-",N/A,N/A,"Jun 2, 2024, 10:29 PM","Jun 3, 2024, 1:16 AM"
,,"	-",N/A,N/A,"Jun 5, 2024, 4:56 PM","Jun 5, 2024, 4:57 PM"
,,"	-",N/A,N/A,"Mar 18, 2023, 12:44 PM","Mar 18, 2023, 12:44 PM"
,,"	-",Auckland,Auckland,"Jun 13, 2024, 7:07 PM","Jun 13, 2024, 7:07 PM"
,,"	-",N/A,N/A,"Mar 18, 2023, 12:45 PM","Mar 18, 2023, 12:45 PM"
,,"	-",N/A,N/A,"Jun 13, 2024, 7:17 PM","Jun 13, 2024, 7:17 PM"
,,"	-",N/A,N/A,"Jun 13, 2024, 7:18 PM","Jun 13, 2024, 7:19 PM"
,,"	-",N/A,N/A,"Mar 18, 2023, 10:24 PM","Mar 18, 2023, 10:24 PM"
,,"	-",Canterbury,Lincoln,"Mar 18, 2023, 10:37 PM","Sep 14, 2024, 7:27 PM"
,,"	-",N/A,N/A,"Jun 15, 2024, 3:34 PM","Jun 15, 2024, 3:34 PM"
,,"	-",N/A,N/A,"Mar 18, 2023, 11:37 PM","Mar 18, 2023, 11:38 PM"
,,"	-",N/A,N/A,"Jun 24, 2024, 11:38 AM","Jun 24, 2024, 11:38 AM"
,,"	-",N/A,N/A,"Mar 20, 2023, 7:20 PM","Mar 20, 2023, 7:20 PM"
,,"	-",N/A,N/A,"Jun 24, 2024, 4:25 PM","Jun 24, 2024, 4:25 PM"
,,"	-",N/A,N/A,"Jun 26, 2024, 1:02 AM","Jun 26, 2024, 1:03 AM"
,,"	-",N/A,N/A,"Jun 26, 2024, 4:23 PM","Jun 26, 2024, 4:24 PM"
,,"	-",N/A,N/A,"Jun 27, 2024, 10:03 AM","Jun 27, 2024, 10:04 AM"
,,"	-",N/A,N/A,"Apr 3, 2023, 4:08 AM","Apr 3, 2023, 4:08 AM"
,,"	-",N/A,N/A,"Apr 4, 2023, 2:24 PM","Nov 23, 2023, 11:00 AM"
,,"	-",N/A,N/A,"Apr 27, 2023, 5:04 PM","Jun 29, 2023, 11:34 PM"
,,"	-",N/A,N/A,"Jun 29, 2024, 12:47 PM","Jul 1, 2024, 7:35 PM"
,,"	-",N/A,N/A,"Apr 30, 2023, 11:20 AM","Apr 30, 2023, 11:20 AM"
,,"	-",N/A,N/A,"Jun 29, 2024, 12:58 PM","Jun 29, 2024, 12:58 PM"
,,"	-",N/A,N/A,"Apr 30, 2023, 7:26 PM","Apr 30, 2023, 7:26 PM"
,,"	-",Auckland,Auckland,"Jun 29, 2024, 11:42 PM","Jun 29, 2024, 11:42 PM"
,,"	-",N/A,N/A,"Apr 30, 2023, 7:29 PM","Apr 30, 2023, 7:29 PM"
,,"	-",N/A,N/A,"Jun 30, 2024, 12:50 PM","Jun 30, 2024, 12:50 PM"
,,"	-",Canterbury,Christchurch,"Apr 30, 2023, 7:57 PM","Apr 30, 2023, 7:57 PM"
,,"	-",N/A,N/A,"Jul 1, 2024, 3:57 PM","Jul 1, 2024, 3:57 PM"
,,"	-",N/A,N/A,"Apr 30, 2023, 8:11 PM","Apr 30, 2023, 8:11 PM"
,,"	-",N/A,N/A,"Jul 3, 2024, 12:29 PM","Jul 3, 2024, 4:58 PM"
,,"	-",N/A,N/A,"May 2, 2023, 12:14 PM","Aug 21, 2024, 1:56 PM"
,,"	-",N/A,N/A,"Jul 3, 2024, 7:04 PM","Jul 3, 2024, 7:07 PM"
,,"	-",N/A,N/A,"Jul 4, 2024, 4:05 PM","Jul 4, 2024, 4:05 PM"
,,"	-",N/A,N/A,"May 11, 2023, 1:09 PM","May 11, 2023, 1:09 PM"
,,"	-",N/A,N/A,"Jul 4, 2024, 7:58 PM","Jul 4, 2024, 7:59 PM"
,,"	-",Auckland,Auckland,"Jul 6, 2024, 9:14 PM","Jul 7, 2024, 11:26 PM"
,,"	-",N/A,N/A,"May 21, 2023, 6:03 AM","May 21, 2023, 6:03 AM"
,,"	-",N/A,N/A,"Jul 8, 2024, 4:33 PM","Jul 8, 2024, 4:33 PM"
,,"	-",Bay of Plenty,Papamoa,"May 23, 2023, 4:18 PM","May 23, 2023, 4:18 PM"
,,"	-",N/A,N/A,"Jul 9, 2024, 1:36 PM","Jul 9, 2024, 1:36 PM"
,,"	-",Auckland,Auckland,"May 25, 2023, 8:18 PM","May 25, 2023, 8:18 PM"
,,"	-",Wellington,Wellington,"Jul 10, 2024, 4:34 PM","Jul 10, 2024, 4:34 PM"
,,"	-",N/A,N/A,"May 29, 2023, 11:01 AM","May 29, 2023, 11:01 AM"
,,"	-",Canterbury,Prebbleton,"Jul 15, 2024, 1:55 PM","Jul 15, 2024, 1:55 PM"
,,"	-",N/A,N/A,"Jul 15, 2024, 2:04 PM","Jul 15, 2024, 2:04 PM"
,,"	-",Auckland,Auckland,"Oct 4, 2021, 11:02 AM","Oct 4, 2021, 11:02 AM"
,,"	-",Wellington,Wellington,"Oct 4, 2021, 8:28 PM","Oct 7, 2021, 7:21 PM"
,,"	-",Wellington,Lower Hutt,"Oct 6, 2021, 9:37 PM","Oct 6, 2021, 9:37 PM"
,,"	-",Wellington,Lower Hutt,"Jun 8, 2023, 8:58 PM","Jun 8, 2023, 9:10 PM"
,,"	-",N/A,N/A,"Jul 17, 2024, 12:51 PM","Jul 17, 2024, 12:52 PM"
,,"	-",N/A,N/A,"Oct 9, 2021, 9:14 AM","Oct 9, 2021, 9:14 AM"
,,"	-",Wellington,Wellington,"Jun 12, 2023, 2:36 PM","Jun 12, 2023, 2:36 PM"
,,"	-",N/A,N/A,"Oct 13, 2021, 6:42 AM","Oct 21, 2021, 2:15 PM"
,,"	-",N/A,N/A,"Jun 17, 2023, 6:43 PM","Jun 17, 2023, 6:44 PM"
,,"	-",N/A,N/A,"Jul 18, 2024, 3:50 AM","Jul 18, 2024, 3:50 AM"
,,"	-",Wellington,Lower Hutt,"Jun 17, 2023, 8:51 PM","Jun 17, 2023, 8:55 PM"
,,"	-",N/A,N/A,"Jul 18, 2024, 10:02 AM","Jul 18, 2024, 10:02 AM"
,,"	-",N/A,N/A,"Oct 14, 2021, 12:17 PM","Oct 14, 2021, 12:29 PM"
,,"	-",N/A,N/A,"Jun 21, 2023, 8:07 AM","Jun 21, 2023, 8:07 AM"
,,"	-",N/A,N/A,"Jul 20, 2024, 8:12 PM","Jul 20, 2024, 8:12 PM"
,,"	-",N/A,N/A,"Jun 22, 2023, 2:08 PM","Jun 22, 2023, 2:08 PM"
,,"	-",N/A,N/A,"Oct 14, 2021, 2:48 PM","Oct 14, 2021, 2:49 PM"
,,"	-",N/A,N/A,"Oct 14, 2021, 6:52 PM","Oct 14, 2021, 6:56 PM"
,,"	-",N/A,N/A,"Jul 21, 2024, 9:40 PM","Jul 31, 2024, 5:04 PM"
,,"	-",Canterbury,Christchurch,"Oct 14, 2021, 7:31 PM","Oct 14, 2021, 7:31 PM"
,,"	-",N/A,N/A,"Jul 21, 2024, 9:42 PM","Jul 31, 2024, 3:32 PM"
,,"	-",N/A,N/A,"Jul 22, 2024, 5:33 AM","Jul 22, 2024, 5:33 AM"
,,"	-",Auckland,Auckland,"Oct 14, 2021, 9:37 PM","Oct 14, 2021, 9:37 PM"
,,"	-",N/A,N/A,"Jul 1, 2023, 8:28 PM","May 15, 2024, 12:33 AM"
,,"	-",N/A,N/A,"Oct 14, 2021, 9:51 PM","Oct 14, 2021, 9:51 PM"
,,"	-",N/A,N/A,"Jul 12, 2023, 8:07 AM","Jul 12, 2023, 8:07 AM"
,,"	-",N/A,N/A,"Oct 14, 2021, 10:12 PM","Oct 14, 2021, 10:12 PM"
,,"	-",N/A,N/A,"Jul 13, 2023, 8:14 PM","Jul 13, 2023, 8:21 PM"
,,"	-",N/A,N/A,"Jul 22, 2024, 8:02 PM","Jul 22, 2024, 8:02 PM"
,,"	-",Auckland,Auckland,"Oct 15, 2021, 10:55 PM","Oct 16, 2021, 6:16 PM"
,,"	-",N/A,N/A,"Oct 16, 2021, 11:10 AM","Jul 11, 2024, 1:21 PM"
,,"	-",N/A,N/A,"Jul 26, 2024, 5:42 PM","Jul 26, 2024, 5:43 PM"
,,"	-",N/A,N/A,"Oct 16, 2021, 7:41 PM","Oct 16, 2021, 7:41 PM"
,,"	-",N/A,N/A,"Jul 28, 2024, 1:51 AM","Aug 2, 2024, 6:01 PM"
,,"	-",N/A,N/A,"Jul 31, 2024, 1:15 PM","Jul 31, 2024, 1:15 PM"
,,"	-",N/A,N/A,"Jul 31, 2024, 4:32 PM","Jul 31, 2024, 4:32 PM"
,,"	-",N/A,N/A,"Oct 20, 2021, 12:53 PM","Oct 20, 2021, 12:53 PM"
,,"	-",N/A,N/A,"Oct 23, 2021, 11:00 PM","Oct 23, 2021, 11:00 PM"
,,"	-",Auckland,Auckland,"Aug 2, 2024, 9:10 AM","Aug 2, 2024, 9:10 AM"
,,"	-",N/A,N/A,"Aug 4, 2023, 4:42 AM","Aug 4, 2023, 4:42 AM"
,,"	-",N/A,N/A,"Aug 2, 2024, 3:50 PM","Aug 2, 2024, 3:50 PM"
,,"	-",N/A,N/A,"Aug 3, 2024, 7:32 PM","Aug 3, 2024, 7:32 PM"
,,"	-",N/A,N/A,"Nov 1, 2021, 1:16 PM","Nov 1, 2021, 1:16 PM"
,,"	-",N/A,N/A,"Aug 5, 2024, 6:38 AM","Aug 5, 2024, 6:38 AM"
,,"	-",CO,Denver,"Nov 1, 2021, 3:58 PM","Nov 1, 2021, 3:58 PM"
,,"	-",上海市,N/A,"Aug 6, 2024, 1:13 PM","Sep 5, 2024, 3:50 PM"
,,"	-",Auckland,Auckland,"Aug 5, 2023, 11:15 PM","Oct 27, 2023, 10:55 AM"
,,"	-",N/A,N/A,"Aug 8, 2024, 11:19 PM","Aug 8, 2024, 11:19 PM"
,,"	-",N/A,N/A,"Aug 7, 2023, 11:53 AM","Aug 7, 2023, 11:53 AM"
,,"	-",N/A,N/A,"Aug 12, 2024, 12:28 PM","Aug 12, 2024, 12:28 PM"
,,"	-",N/A,N/A,"Aug 15, 2024, 11:41 AM","Aug 15, 2024, 11:41 AM"
,,"	-",N/A,N/A,"Dec 22, 2021, 7:29 PM","Dec 22, 2021, 7:29 PM"
,,"	-",N/A,N/A,"Aug 10, 2023, 12:54 PM","Aug 10, 2023, 12:54 PM"
,,"	-",N/A,N/A,"Jan 16, 2022, 9:14 PM","Jan 16, 2022, 9:16 PM"
,,"	-",Auckland,Auckland,"Aug 10, 2023, 3:13 PM","Aug 10, 2023, 3:13 PM"
,,"	-",N/A,N/A,"Aug 16, 2024, 3:57 PM","Aug 16, 2024, 3:58 PM"
,,"	-",N/A,N/A,"Feb 8, 2022, 10:20 AM","Aug 16, 2022, 12:45 PM"
,,"	-",Canterbury,Christchurch,"Aug 17, 2024, 6:08 PM","Aug 17, 2024, 6:08 PM"
,,"	-",N/A,N/A,"Feb 17, 2022, 1:31 PM","Feb 17, 2022, 1:31 PM"
,,"	-",N/A,N/A,"Aug 17, 2024, 10:00 PM","Aug 17, 2024, 10:00 PM"
,,"	-",N/A,N/A,"Aug 16, 2023, 3:51 PM","Aug 16, 2023, 3:51 PM"
,,"	-",N/A,N/A,"Mar 13, 2022, 4:09 PM","Mar 13, 2022, 4:09 PM"
,,"	-",N/A,N/A,"Aug 17, 2023, 7:29 PM","Aug 17, 2023, 7:30 PM"
,,"	-",N/A,N/A,"Aug 18, 2024, 2:29 PM","Aug 18, 2024, 2:29 PM"
,,"	-",Auckland,Auckland,"Mar 21, 2022, 11:25 PM","Mar 21, 2022, 11:25 PM"
,,"	-",N/A,N/A,"Aug 18, 2023, 9:13 PM","Aug 18, 2023, 9:13 PM"
,,"	-",Auckland,Auckland,"Mar 25, 2022, 9:51 PM","Sep 20, 2022, 11:34 AM"
,,"	-",N/A,N/A,"Aug 19, 2023, 9:45 PM","Aug 19, 2023, 9:46 PM"
,,"	-",Canterbury,Christchurch,"Aug 20, 2024, 5:14 PM","Aug 20, 2024, 5:15 PM"
,,"	-",N/A,N/A,"Aug 22, 2023, 11:10 PM","Aug 24, 2023, 9:38 AM"
,,"	-",N/A,N/A,"Aug 21, 2024, 1:15 PM","Aug 21, 2024, 1:15 PM"
,,"	-",N/A,N/A,"Sep 1, 2023, 9:51 PM","Sep 1, 2023, 9:51 PM"
,,"	-",N/A,N/A,"Aug 21, 2024, 1:19 PM","Aug 21, 2024, 1:20 PM"
,,"	-",N/A,N/A,"Apr 7, 2022, 9:41 AM","Apr 7, 2022, 9:41 AM"
,,"	-",N/A,N/A,"Sep 4, 2023, 8:28 PM","Sep 4, 2023, 8:51 PM"
,,"	-",N/A,N/A,"Aug 22, 2024, 8:16 PM","Aug 22, 2024, 8:17 PM"
,,"	-",N/A,N/A,"Sep 6, 2023, 10:01 PM","Sep 6, 2023, 10:01 PM"
,,"	-",N/A,N/A,"Sep 7, 2023, 4:51 AM","Sep 7, 2023, 4:51 AM"
,,"	-",N/A,N/A,"Aug 26, 2024, 9:51 PM","Aug 26, 2024, 9:51 PM"
CITANZ-0001,2/10/2024,30/09/2023 22:47,Wellington,Lower Hutt,"Sep 4, 2021, 2:02 PM","Aug 22, 2024, 3:18 PM"
CITANZ-0002,3/10/2024,11/09/2023 11:44,Wellington,Porirua,"Sep 4, 2021, 2:02 PM","Apr 16, 2024, 9:02 PM"
CITANZ-0003,30/09/2021,"	-",Wellington,Porirua,"Aug 21, 2021, 12:41 PM","Sep 5, 2024, 9:11 PM"
CITANZ-0004,3/10/2024,14/09/2023 15:51,Auckland,Auckland,"Sep 4, 2021, 2:02 PM","Sep 14, 2023, 3:50 PM"
CITANZ-0006,15/10/2024,23/09/2023 12:46,N/A,N/A,"Sep 4, 2021, 2:02 PM","May 3, 2024, 9:08 PM"
CITANZ-0007,1/10/2024,2/09/2023 9:03,Wellington,Porirua,"Sep 4, 2021, 2:02 PM","Aug 19, 2024, 8:45 PM"
CITANZ-0008,4/10/2024,22/09/2023 21:00,Wellington,Wellington,"Sep 4, 2021, 2:02 PM","Jul 4, 2024, 7:58 PM"
CITANZ-0009,17/10/2024,18/10/2023 22:32,Wellington,Wellington,"Sep 4, 2021, 2:02 PM","Oct 18, 2023, 10:29 PM"
CITANZ-0010,3/10/2025,3/09/2024 8:18,Wellington,Wellington,"Sep 4, 2021, 2:02 PM","Sep 3, 2024, 8:17 AM"
CITANZ-0011,12/11/2024,13/11/2023 12:04,N/A,N/A,"Sep 4, 2021, 2:02 PM","Mar 16, 2024, 9:59 PM"
CITANZ-0012,8/10/2024,17/09/2023 9:34,Wellington,Wellington,"Sep 4, 2021, 2:02 PM","Sep 17, 2023, 9:32 AM"
CITANZ-0013,3/10/2024,19/09/2023 17:22,Wellington,Paraparaumu,"Sep 4, 2021, 2:02 PM","Sep 19, 2023, 5:22 PM"
CITANZ-0014,13/10/2024,14/09/2023 19:31,Wellington,Porirua,"Sep 4, 2021, 2:02 PM","Nov 13, 2023, 12:51 PM"
CITANZ-0015,11/10/2025,11/09/2024 9:20,Wellington,Wellington,"Sep 4, 2021, 2:02 PM","Sep 11, 2024, 9:16 AM"
CITANZ-0016,30/09/2021,"	-",N/A,N/A,"Sep 4, 2021, 2:02 PM",
CITANZ-0017,5/10/2023,22/09/2022 20:35,Wellington,Porirua,"Sep 4, 2021, 2:02 PM","Sep 22, 2022, 8:34 PM"
CITANZ-0018,13/10/2024,14/10/2023 9:43,Wellington,Wellington,"Sep 4, 2021, 2:02 PM","Oct 14, 2023, 9:42 AM"
CITANZ-0019,25/10/2022,25/10/2021 17:52,Wellington,Lower Hutt,"Sep 4, 2021, 2:02 PM","Apr 12, 2022, 8:29 PM"
CITANZ-0020,30/09/2021,"	-",N/A,N/A,"Sep 4, 2021, 2:02 PM",
CITANZ-0021,11/10/2023,4/10/2022 11:00,Wellington,Lower Hutt,"Sep 4, 2021, 2:02 PM","Oct 4, 2022, 10:56 AM"
CITANZ-0022,4/10/2023,4/10/2022 11:07,Wellington,Wellington,"Sep 4, 2021, 2:02 PM","Jan 10, 2023, 10:17 AM"
CITANZ-0023,12/11/2024,13/11/2023 10:29,Wellington,Wellington,"Sep 4, 2021, 2:02 PM","Nov 13, 2023, 10:42 AM"
CITANZ-0024,3/10/2025,3/09/2024 8:07,Wellington,Wellington,"Sep 4, 2021, 2:02 PM","Sep 3, 2024, 8:05 AM"
CITANZ-0025,3/10/2024,17/09/2023 14:18,Wellington,Wellington,"Sep 4, 2021, 2:02 PM","Aug 17, 2024, 10:02 PM"
CITANZ-0026,3/10/2024,22/09/2023 20:51,Wellington,Wellington,"Sep 4, 2021, 2:02 PM","Sep 22, 2023, 8:50 PM"
CITANZ-0027,4/10/2022,4/10/2021 11:19,Wellington,Wellington,"Sep 4, 2021, 2:02 PM","Sep 27, 2022, 11:39 PM"
CITANZ-0028,19/10/2023,4/10/2022 20:59,Wellington,Wellington,"Sep 4, 2021, 2:02 PM","Sep 26, 2023, 12:36 PM"
CITANZ-0029,30/09/2021,"	-",N/A,N/A,"Sep 4, 2021, 2:02 PM",
CITANZ-0030,31/10/2024,1/11/2023 11:02,Wellington,Wellington,"Sep 4, 2021, 2:02 PM","Oct 26, 2023, 7:03 PM"
CITANZ-0031,24/10/2024,12/10/2023 21:26,Wellington,Wellington,"Sep 4, 2021, 2:02 PM","Oct 12, 2023, 9:24 PM"
CITANZ-0032,30/09/2021,"	-",N/A,N/A,"Sep 4, 2021, 2:02 PM",
CITANZ-0034,30/10/2022,30/10/2021 14:56,Wellington,Wellington,"Sep 4, 2021, 2:02 PM","Oct 30, 2021, 2:54 PM"
CITANZ-0035,3/10/2024,28/09/2023 22:32,Auckland,Auckland,"Sep 4, 2021, 2:02 PM","Jul 15, 2024, 4:01 PM"
CITANZ-0036,30/10/2024,1/10/2023 12:09,Wellington,Lower Hutt,"Oct 1, 2021, 8:51 PM","Oct 1, 2023, 12:05 PM"
CITANZ-0037,30/09/2021,"	-",N/A,N/A,"Oct 1, 2021, 8:51 PM",
CITANZ-0038,15/10/2024,16/10/2023 13:11,Wellington,Wellington,"Sep 4, 2021, 2:02 PM","Oct 16, 2023, 1:11 PM"
CITANZ-0040,25/10/2022,25/10/2021 18:41,Shanghai Shi,N/A,"Sep 4, 2021, 2:02 PM","Dec 3, 2022, 1:39 AM"
CITANZ-0041,13/10/2024,12/10/2023 21:27,Wellington,Wellington,"Sep 4, 2021, 2:02 PM","Oct 12, 2023, 9:24 PM"
CITANZ-0042,3/10/2025,6/09/2024 0:04,Wellington,Wellington,"Sep 4, 2021, 2:02 PM","Sep 6, 2024, 12:02 AM"
CITANZ-0044,4/10/2023,4/10/2022 8:22,Wellington,Wellington,"Sep 4, 2021, 2:02 PM","Nov 1, 2023, 8:40 PM"
CITANZ-0045,30/09/2021,"	-",N/A,N/A,"Sep 4, 2021, 2:02 PM",
CITANZ-0046,14/10/2025,14/09/2024 16:57,Wellington,Wellington,"Sep 4, 2021, 2:02 PM","Sep 14, 2024, 4:56 PM"
CITANZ-0047,3/10/2024,26/09/2023 11:03,Wellington,Wellington,"Sep 4, 2021, 2:02 PM","Sep 26, 2023, 11:02 AM"
CITANZ-0048,2/09/2025,2/09/2024 9:05,Wellington,Porirua,"Sep 4, 2021, 2:02 PM","Sep 2, 2024, 9:04 AM"
CITANZ-0049,12/10/2022,12/10/2021 12:45,Wellington,Porirua,"Sep 4, 2021, 2:02 PM","Oct 4, 2021, 10:39 AM"
CITANZ-0050,30/09/2021,"	-",N/A,N/A,"Sep 4, 2021, 2:02 PM",
CITANZ-0051,30/09/2021,"	-",N/A,N/A,"Sep 4, 2021, 2:02 PM",
CITANZ-0052,3/10/2024,22/09/2023 21:55,Canterbury,Christchurch,"Sep 4, 2021, 2:02 PM","Sep 14, 2024, 10:48 PM"
CITANZ-0054,6/10/2025,10/09/2024 9:17,Auckland,Auckland,"Sep 4, 2021, 2:02 PM","Sep 10, 2024, 9:07 AM"
CITANZ-0055,3/10/2024,4/10/2023 9:31,Wellington,Lower Hutt,"Sep 4, 2021, 2:02 PM","Oct 4, 2023, 9:28 AM"
CITANZ-0056,2/11/2024,3/11/2023 12:10,Canterbury,Christchurch,"Sep 4, 2021, 2:02 PM","Nov 3, 2023, 12:09 PM"
CITANZ-0058,5/11/2024,6/11/2023 22:12,Wellington,Wellington,"Sep 4, 2021, 2:02 PM","Nov 6, 2023, 10:11 PM"
CITANZ-0061,12/10/2023,5/10/2022 13:12,Wellington,Wellington,"Sep 4, 2021, 2:02 PM","Sep 7, 2022, 12:28 AM"
CITANZ-0062,4/10/2022,4/10/2021 13:33,Wellington,Wellington,"Sep 4, 2021, 2:02 PM","Oct 4, 2021, 1:28 PM"
CITANZ-0065,30/09/2021,"	-",N/A,N/A,"Sep 4, 2021, 2:02 PM",
CITANZ-0066,3/10/2024,13/09/2023 19:12,Wellington,Lower Hutt,"Sep 4, 2021, 2:02 PM","Feb 16, 2024, 2:40 PM"
CITANZ-0067,4/10/2022,4/10/2021 10:17,Wellington,Wellington,"Sep 4, 2021, 2:02 PM","Nov 3, 2022, 9:33 AM"
CITANZ-0070,30/09/2021,"	-",N/A,N/A,"Sep 4, 2021, 2:02 PM",
CITANZ-0072,25/10/2023,8/10/2022 10:42,Wellington,Wellington,"Sep 4, 2021, 2:02 PM","Sep 5, 2024, 5:38 PM"
CITANZ-0073,30/09/2021,"	-",N/A,N/A,"Sep 4, 2021, 2:02 PM",
CITANZ-0074,20/10/2024,20/10/2023 7:32,Auckland,Auckland,"Sep 4, 2021, 2:02 PM","Oct 20, 2023, 7:29 AM"
CITANZ-0075,13/10/2023,6/10/2022 8:24,Canterbury,Christchurch,"Sep 4, 2021, 2:02 PM","Sep 30, 2023, 12:15 AM"
CITANZ-0076,7/10/2025,9/09/2024 12:14,Wellington,Wellington,"Sep 4, 2021, 2:02 PM","Sep 9, 2024, 12:11 PM"
CITANZ-0077,6/10/2022,6/10/2021 10:38,Wellington,Wellington,"Sep 4, 2021, 2:02 PM","Oct 6, 2021, 10:36 AM"
CITANZ-0079,30/09/2021,"	-",N/A,N/A,"Sep 4, 2021, 2:02 PM",
CITANZ-0080,30/09/2021,"	-",N/A,N/A,"Sep 4, 2021, 2:02 PM",
CITANZ-0081,30/09/2021,"	-",N/A,N/A,"Sep 4, 2021, 2:02 PM",
CITANZ-0082,30/09/2021,"	-",N/A,N/A,"Sep 4, 2021, 2:02 PM",
CITANZ-0083,3/10/2025,11/09/2024 11:24,Wellington,Wellington,"Sep 4, 2021, 2:02 PM","Sep 11, 2024, 11:22 AM"
CITANZ-0084,30/09/2021,"	-",N/A,N/A,"Sep 4, 2021, 2:02 PM",
CITANZ-0085,3/10/2025,6/09/2024 15:13,Wellington,Wellington,"Sep 4, 2021, 2:02 PM","Sep 6, 2024, 3:11 PM"
CITANZ-0086,2/10/2024,22/09/2023 13:22,Wellington,Wellington,"Sep 4, 2021, 2:02 PM","Sep 22, 2023, 1:18 PM"
CITANZ-0087,5/10/2024,30/09/2023 12:50,Wellington,Lower Hutt,"Sep 4, 2021, 2:02 PM","Mar 9, 2024, 9:10 PM"
CITANZ-0088,3/10/2025,3/09/2024 10:14,Wellington,Lower Hutt,"Sep 4, 2021, 2:02 PM","Sep 3, 2024, 10:12 AM"
CITANZ-0089,15/10/2024,16/10/2023 10:16,Wellington,Wellington,"Sep 4, 2021, 2:02 PM","Nov 7, 2023, 10:31 AM"
CITANZ-0090,5/10/2023,11/09/2022 22:45,Wellington,Porirua,"Sep 4, 2021, 2:02 PM","Oct 4, 2022, 6:44 PM"
CITANZ-0091,30/09/2021,"	-",N/A,N/A,"Sep 4, 2021, 2:02 PM","Feb 8, 2023, 11:25 PM"
CITANZ-0092,4/10/2025,13/09/2024 15:31,Canterbury,Christchurch,"Sep 4, 2021, 2:02 PM","Sep 13, 2024, 3:29 PM"
CITANZ-0093,30/09/2021,"	-",N/A,N/A,"Sep 4, 2021, 2:02 PM",
CITANZ-0094,30/09/2021,"	-",N/A,N/A,"Sep 4, 2021, 2:02 PM",
CITANZ-0095,16/10/2023,16/10/2022 16:47,Wellington,Wellington,"Sep 4, 2021, 2:02 PM","Oct 9, 2023, 2:50 PM"
CITANZ-0096,30/09/2021,"	-",N/A,N/A,"Sep 4, 2021, 2:02 PM",
CITANZ-0097,14/10/2023,7/10/2022 9:03,Auckland,Auckland,"Sep 4, 2021, 2:02 PM","Oct 7, 2022, 9:01 AM"
CITANZ-0100,4/10/2022,4/10/2021 19:34,Wellington,Wellington,"Sep 4, 2021, 2:02 PM","Sep 4, 2022, 3:32 PM"
CITANZ-0101,29/10/2024,30/10/2023 20:33,Auckland,Auckland,"Sep 4, 2021, 2:02 PM","Oct 30, 2023, 8:32 PM"
CITANZ-0102,2/11/2024,3/11/2023 14:52,Auckland,Auckland,"Sep 4, 2021, 2:02 PM","Nov 3, 2023, 2:47 PM"
CITANZ-0104,30/09/2021,"	-",N/A,N/A,"Sep 4, 2021, 2:02 PM",
CITANZ-0106,4/10/2022,4/10/2021 13:07,Wellington,Porirua,"Sep 4, 2021, 2:02 PM","Oct 4, 2021, 8:58 AM"
CITANZ-0108,7/10/2025,7/09/2024 9:36,Auckland,Auckland,"Sep 4, 2021, 2:02 PM","Sep 7, 2024, 9:34 AM"
CITANZ-0109,3/10/2024,5/09/2023 20:58,Wellington,Lower Hutt,"Sep 4, 2021, 2:02 PM","Sep 5, 2023, 8:56 PM"
CITANZ-0111,8/10/2024,22/09/2023 20:02,Wellington,Porirua,"Sep 4, 2021, 2:02 PM","Sep 22, 2023, 7:46 PM"
CITANZ-0113,30/09/2021,"	-",N/A,N/A,"Sep 4, 2021, 2:02 PM",
CITANZ-0114,3/10/2025,4/09/2024 11:52,Wellington,Porirua,"Sep 4, 2021, 2:02 PM","Sep 4, 2024, 10:49 AM"
CITANZ-0115,30/09/2021,"	-",N/A,N/A,"Sep 4, 2021, 2:02 PM",
CITANZ-0116,30/09/2021,"	-",N/A,N/A,"Sep 4, 2021, 2:02 PM",
CITANZ-0118,3/10/2024,27/09/2023 10:54,Wellington,Wellington,"Oct 1, 2021, 8:51 PM","Sep 27, 2023, 10:53 AM"
CITANZ-0120,3/11/2024,6/10/2023 8:48,IL,N/A,"Sep 4, 2021, 2:02 PM","Oct 6, 2023, 8:47 AM"
CITANZ-0121,4/10/2024,5/09/2023 17:01,Wellington,Wellington,"Sep 4, 2021, 2:02 PM","Sep 5, 2023, 4:59 PM"
CITANZ-0122,30/09/2021,"	-",N/A,N/A,"Sep 4, 2021, 2:02 PM","Oct 14, 2021, 10:34 AM"
CITANZ-0123,30/09/2021,"	-",N/A,N/A,"Sep 4, 2021, 2:02 PM",
CITANZ-0124,29/10/2023,26/10/2022 14:11,Wellington,Porirua,"Sep 4, 2021, 2:02 PM","Oct 26, 2023, 4:11 PM"
CITANZ-0125,6/12/2024,7/11/2023 10:22,Wellington,Wellington,"Sep 4, 2021, 2:02 PM","Nov 7, 2023, 10:22 AM"
CITANZ-0126,22/05/2024,23/05/2023 21:38,Wellington,Lower Hutt,"Sep 4, 2021, 2:02 PM","May 23, 2023, 9:36 PM"
CITANZ-0127,10/10/2022,10/10/2021 13:48,Wellington,Lower Hutt,"Sep 4, 2021, 2:02 PM","Oct 10, 2022, 8:28 AM"
CITANZ-0129,8/11/2023,8/11/2022 11:23,Wellington,Lower Hutt,"Sep 4, 2021, 2:02 PM","Dec 16, 2022, 1:17 PM"
CITANZ-0130,28/10/2024,29/09/2023 8:16,Wellington,Wellington,"Sep 4, 2021, 2:02 PM","Nov 19, 2023, 10:20 PM"
CITANZ-0131,3/10/2025,3/09/2024 9:20,Wellington,Wellington,"Sep 4, 2021, 2:02 PM","Sep 3, 2024, 9:18 AM"
CITANZ-0132,30/09/2021,"	-",N/A,N/A,"Sep 4, 2021, 2:02 PM",
CITANZ-0134,31/03/2024,1/04/2023 12:00,Wellington,Lower Hutt,"Sep 4, 2021, 2:02 PM","Apr 1, 2023, 11:58 AM"
CITANZ-0135,11/12/2024,12/12/2023 15:22,Wellington,Wellington,"Oct 1, 2021, 8:51 PM","Dec 12, 2023, 3:20 PM"
CITANZ-0136,30/09/2021,"	-",N/A,N/A,"Sep 4, 2021, 2:02 PM",
CITANZ-0138,3/10/2024,28/09/2023 14:41,Canterbury,Christchurch,"Sep 4, 2021, 2:02 PM","Sep 28, 2023, 2:36 PM"
CITANZ-0139,4/10/2022,4/10/2021 15:53,Canterbury,Christchurch,"Sep 4, 2021, 2:02 PM","Oct 4, 2021, 3:50 PM"
CITANZ-0140,8/10/2022,8/10/2021 14:52,N/A,N/A,"Oct 1, 2021, 8:51 PM","Oct 1, 2022, 9:28 AM"
CITANZ-0141,30/09/2021,"	-",N/A,N/A,"Sep 4, 2021, 2:02 PM",
CITANZ-0142,30/09/2021,"	-",N/A,N/A,"Sep 4, 2021, 2:02 PM","Oct 9, 2021, 3:42 PM"
CITANZ-0143,4/10/2025,4/09/2024 8:02,Auckland,Auckland,"Sep 4, 2021, 2:02 PM","Sep 4, 2024, 8:01 AM"
CITANZ-0145,10/10/2022,10/10/2021 11:15,N/A,N/A,"Sep 4, 2021, 2:02 PM","Nov 9, 2022, 8:02 AM"
CITANZ-0146,3/10/2024,6/09/2023 23:33,Auckland,Auckland,"Sep 4, 2021, 2:02 PM","Sep 6, 2023, 11:30 PM"
CITANZ-0147,3/10/2024,19/09/2023 20:13,Wellington,Wellington,"Sep 4, 2021, 2:02 PM","Sep 6, 2023, 9:42 PM"
CITANZ-0148,29/09/2024,20/09/2023 20:22,Auckland,Auckland,"Sep 4, 2021, 2:02 PM","Sep 5, 2024, 8:32 PM"
CITANZ-0150,30/09/2021,"	-",N/A,N/A,"Sep 4, 2021, 2:02 PM",
CITANZ-0153,30/09/2021,"	-",N/A,N/A,"Sep 4, 2021, 2:02 PM",
CITANZ-0154,30/09/2021,"	-",N/A,N/A,"Sep 4, 2021, 2:02 PM",
CITANZ-0155,30/09/2021,"	-",N/A,N/A,"Sep 4, 2021, 2:02 PM",
CITANZ-0156,30/09/2021,"	-",N/A,N/A,"Sep 4, 2021, 2:02 PM",
CITANZ-0157,3/10/2024,1/10/2023 20:39,Wellington,Wellington,"Sep 4, 2021, 2:02 PM","Oct 1, 2023, 8:37 PM"
CITANZ-0158,4/10/2024,5/09/2023 22:07,Wellington,Wellington,"Sep 4, 2021, 2:02 PM","Sep 5, 2023, 10:05 PM"
CITANZ-0159,28/04/2025,28/04/2024 14:26,Manawatu-Wanganui,Palmerston North,"Sep 4, 2021, 2:02 PM","Apr 28, 2024, 2:24 PM"
CITANZ-0160,30/09/2021,"	-",N/A,N/A,"Sep 4, 2021, 2:02 PM",
CITANZ-0161,10/10/2025,10/09/2024 15:18,Auckland,Auckland,"Sep 4, 2021, 2:02 PM","Sep 10, 2024, 3:18 PM"
CITANZ-0162,8/10/2025,13/09/2024 16:14,Wellington,Upper Hutt,"Sep 4, 2021, 2:02 PM","Sep 13, 2024, 4:12 PM"
CITANZ-0163,30/09/2021,"	-",N/A,N/A,"Sep 4, 2021, 2:02 PM",
CITANZ-0164,13/06/2025,13/06/2024 21:11,Wellington,Wellington,"Sep 4, 2021, 2:02 PM","Jun 13, 2024, 5:39 PM"
CITANZ-0165,30/09/2021,"	-",N/A,N/A,"Sep 4, 2021, 2:02 PM",
CITANZ-0166,26/01/2025,27/01/2024 20:11,Wellington,Porirua,"Oct 1, 2021, 8:51 PM","Jan 27, 2024, 8:09 PM"
CITANZ-0170,4/10/2022,4/10/2021 15:26,Wellington,Wellington,"Oct 1, 2021, 8:51 PM","Sep 27, 2022, 9:00 AM"
CITANZ-0171,8/11/2024,9/11/2023 11:00,Wellington,Upper Hutt,"Oct 1, 2021, 8:51 PM","Nov 9, 2023, 10:59 AM"
CITANZ-0172,30/09/2021,"	-",N/A,N/A,"Oct 1, 2021, 8:51 PM","Oct 25, 2021, 6:00 PM"
CITANZ-0173,8/12/2024,9/12/2023 14:42,Wellington,Wellington,"Oct 1, 2021, 8:51 PM","Sep 11, 2024, 1:20 PM"
CITANZ-0174,19/10/2022,19/10/2021 10:55,Canterbury,Christchurch,"Oct 1, 2021, 8:51 PM","Oct 19, 2021, 10:54 AM"
CITANZ-0175,30/09/2021,"	-",N/A,N/A,"Oct 1, 2021, 8:51 PM","Dec 15, 2021, 9:25 AM"
CITANZ-0176,12/10/2024,17/09/2023 10:33,Manawatu-Wanganui,Palmerston North,"Oct 1, 2021, 8:51 PM","Sep 17, 2023, 10:33 AM"
CITANZ-0178,3/10/2025,8/09/2024 10:17,Wellington,Wellington,"Oct 1, 2021, 8:51 PM","Sep 8, 2024, 10:15 AM"
CITANZ-0179,30/10/2022,30/10/2021 1:51,Canterbury,Christchurch,"Oct 1, 2021, 8:51 PM","Feb 3, 2022, 8:08 PM"
CITANZ-0180,30/09/2021,"	-",N/A,N/A,"Oct 1, 2021, 8:51 PM",
CITANZ-0183,30/09/2021,"	-",N/A,N/A,"Oct 1, 2021, 8:51 PM",
CITANZ-0188,24/10/2024,25/09/2023 9:07,Auckland,Auckland,"Oct 1, 2021, 8:51 PM","Mar 12, 2024, 1:19 PM"
CITANZ-0189,30/09/2021,"	-",N/A,N/A,"Oct 1, 2021, 8:51 PM",
CITANZ-0190,30/09/2021,"	-",N/A,N/A,"Oct 1, 2021, 8:51 PM",
CITANZ-0192,30/09/2021,"	-",N/A,N/A,"Oct 1, 2021, 8:51 PM",
CITANZ-0194,15/10/2023,15/10/2022 21:52,Wellington,Wellington,"Oct 1, 2021, 8:51 PM","Oct 18, 2023, 8:25 PM"
CITANZ-0199,5/10/2025,5/09/2024 11:34,Wellington,Wellington,"Oct 1, 2021, 8:51 PM","Sep 5, 2024, 11:34 AM"
CITANZ-0200,3/10/2024,5/09/2023 9:31,Auckland,Auckland,"Oct 1, 2021, 8:51 PM","Sep 3, 2024, 4:55 PM"
CITANZ-0202,4/10/2022,4/10/2021 11:26,Auckland,Auckland,"Oct 1, 2021, 8:51 PM","Apr 24, 2024, 10:43 PM"
CITANZ-0203,4/10/2024,28/09/2023 8:35,Wellington,Wellington,"Oct 1, 2021, 8:51 PM","May 26, 2024, 7:03 PM"
CITANZ-0205,4/10/2025,5/09/2024 18:34,Wellington,Wellington,"Oct 1, 2021, 8:51 PM","Sep 5, 2024, 6:34 PM"
CITANZ-0206,30/09/2021,"	-",N/A,N/A,"Oct 1, 2021, 8:51 PM",
CITANZ-0207,7/12/2024,8/11/2023 8:55,Wellington,Wellington,"Oct 1, 2021, 8:51 PM","Nov 8, 2023, 8:47 AM"
CITANZ-0209,5/10/2024,6/10/2023 9:39,Wellington,Wellington,"Oct 1, 2021, 8:51 PM","Oct 6, 2023, 9:38 AM"
CITANZ-0210,6/10/2022,6/10/2021 13:53,Auckland,Auckland,"Oct 1, 2021, 8:51 PM","Oct 6, 2021, 1:46 PM"
CITANZ-0211,30/09/2021,"	-",N/A,N/A,"Oct 1, 2021, 8:51 PM",
CITANZ-0212,9/11/2023,9/11/2022 13:12,Waikato,Hamilton,"Oct 1, 2021, 8:51 PM","Nov 3, 2023, 4:48 PM"
CITANZ-0213,3/10/2025,3/09/2024 19:10,Wellington,Wellington,"Oct 1, 2021, 8:51 PM","Sep 3, 2024, 7:06 PM"
CITANZ-0214,30/09/2021,"	-",N/A,N/A,"Oct 1, 2021, 8:51 PM",
CITANZ-0215,30/10/2023,26/10/2022 19:51,Wellington,Porirua,"Oct 1, 2021, 8:51 PM","Sep 24, 2023, 10:22 PM"
CITANZ-0216,30/09/2021,"	-",N/A,N/A,"Oct 1, 2021, 8:51 PM",
CITANZ-0218,30/09/2021,"	-",N/A,N/A,"Oct 1, 2021, 8:51 PM",
CITANZ-0220,30/09/2021,"	-",N/A,N/A,"Oct 1, 2021, 8:51 PM",
CITANZ-0222,4/10/2024,7/09/2023 12:22,Auckland,Auckland,"Oct 1, 2021, 8:51 PM","Sep 7, 2023, 12:21 PM"
CITANZ-0226,30/09/2021,"	-",N/A,N/A,"Oct 1, 2021, 8:51 PM",
CITANZ-0227,2/11/2024,3/11/2023 13:06,Auckland,Auckland,"Oct 1, 2021, 8:51 PM","Nov 3, 2023, 1:04 PM"
CITANZ-0228,14/10/2023,14/10/2022 12:06,Southland,Invercargill,"Oct 1, 2021, 8:51 PM","Oct 14, 2022, 12:00 PM"
CITANZ-0231,9/10/2022,9/10/2021 11:47,Wellington,Wellington,"Oct 1, 2021, 8:51 PM","Oct 9, 2021, 11:45 AM"
CITANZ-0232,4/10/2023,18/09/2022 17:45,Auckland,Auckland,"Oct 1, 2021, 8:51 PM","Sep 18, 2022, 5:44 PM"
CITANZ-0233,3/10/2024,21/09/2023 15:04,Wellington,Wellington,"Oct 1, 2021, 8:51 PM","Mar 11, 2024, 8:43 PM"
CITANZ-0237,30/09/2021,"	-",N/A,N/A,"Oct 1, 2021, 8:51 PM","Nov 30, 2021, 11:41 AM"
CITANZ-0239,30/09/2021,"	-",N/A,N/A,"Oct 1, 2021, 8:51 PM",
CITANZ-0240,9/10/2024,10/10/2023 22:21,Wellington,Wellington,"Oct 1, 2021, 8:51 PM","Oct 10, 2023, 9:54 PM"
CITANZ-0243,12/11/2024,13/11/2023 13:52,Wellington,Wellington,"Oct 1, 2021, 8:51 PM","Nov 13, 2023, 1:51 PM"
CITANZ-0244,30/09/2021,"	-",N/A,N/A,"Oct 1, 2021, 8:51 PM","Oct 20, 2021, 3:11 PM"
CITANZ-0245,5/10/2024,3/10/2023 13:17,Canterbury,Christchurch,"Oct 1, 2021, 8:51 PM","Jun 10, 2024, 10:49 PM"
CITANZ-0248,5/10/2022,5/10/2021 16:40,Auckland,Auckland,"Oct 1, 2021, 8:51 PM","Oct 5, 2021, 4:38 PM"
CITANZ-0249,30/09/2021,"	-",N/A,N/A,"Oct 1, 2021, 8:51 PM",
CITANZ-0250,6/10/2022,6/10/2021 16:20,Auckland,Auckland,"Oct 1, 2021, 8:51 PM","Nov 26, 2023, 8:09 PM"
CITANZ-0251,30/09/2021,"	-",N/A,N/A,"Oct 1, 2021, 8:51 PM",
CITANZ-0252,30/09/2021,"	-",N/A,N/A,"Oct 1, 2021, 8:51 PM",
CITANZ-0254,23/10/2024,24/10/2023 21:07,Otago,Queenstown,"Oct 1, 2021, 8:51 PM","Oct 24, 2023, 9:06 PM"
CITANZ-0256,20/10/2022,20/10/2021 9:56,Auckland,Auckland,"Oct 1, 2021, 8:51 PM","Oct 20, 2021, 9:54 AM"
CITANZ-0260,3/10/2025,9/09/2024 11:37,Wellington,Porirua,"Oct 1, 2021, 8:51 PM","Sep 7, 2024, 10:30 PM"
CITANZ-0261,14/10/2022,14/10/2021 11:26,Canterbury,Christchurch,"Oct 14, 2021, 11:22 AM","Oct 7, 2022, 9:23 AM"
CITANZ-0262,14/10/2023,12/10/2022 17:41,N/A,N/A,"Oct 14, 2021, 12:17 PM","Nov 4, 2022, 10:21 AM"
CITANZ-0263,14/10/2023,20/09/2022 9:54,Wellington,Lower Hutt,"Oct 14, 2021, 12:40 PM","Sep 6, 2022, 2:25 PM"
CITANZ-0264,14/10/2022,14/10/2021 17:01,Auckland,Auckland,"Oct 14, 2021, 4:57 PM","Oct 14, 2021, 4:57 PM"
CITANZ-0265,13/10/2024,7/10/2023 8:01,Auckland,Red Beach,"Oct 14, 2021, 8:28 PM","May 29, 2024, 7:10 PM"
CITANZ-0266,14/10/2022,14/10/2021 22:22,Auckland,Wainui,"Oct 14, 2021, 10:15 PM","Oct 14, 2021, 10:15 PM"
CITANZ-0267,14/10/2022,14/10/2021 23:10,Auckland,Wainui,"Oct 14, 2021, 11:06 PM","Oct 21, 2021, 8:14 PM"
CITANZ-0268,16/10/2024,21/09/2023 0:29,Taranaki,New Plymouth,"Oct 17, 2021, 5:09 PM","Mar 17, 2024, 10:57 PM"
CITANZ-0269,19/10/2022,19/10/2021 16:33,Auckland,Auckland,"Oct 19, 2021, 4:30 PM","Oct 19, 2021, 4:30 PM"
CITANZ-0270,2/11/2024,3/11/2023 6:58,Wellington,Lower Hutt,"Oct 26, 2021, 5:31 PM","Sep 5, 2024, 12:43 AM"
CITANZ-0271,10/11/2024,3/11/2023 12:13,NSW,Sydney,"Nov 3, 2021, 12:38 PM","Nov 3, 2023, 12:12 PM"
CITANZ-0272,9/11/2023,11/10/2022 10:19,Wellington,Wellington,"Nov 9, 2021, 10:44 AM","Oct 11, 2022, 10:17 AM"
CITANZ-0273,9/11/2023,10/10/2022 9:25,Wellington,Wellington,"Nov 9, 2021, 7:17 PM","Nov 2, 2023, 10:18 AM"
CITANZ-0274,28/11/2024,31/10/2023 12:29,Auckland,Auckland,"Oct 29, 2021, 8:38 PM","Oct 30, 2023, 9:45 AM"
CITANZ-0275,1/12/2022,1/12/2021 23:24,Auckland,N/A,"Dec 1, 2021, 11:19 PM","Nov 1, 2022, 8:03 AM"
CITANZ-0276,16/12/2024,20/11/2023 14:54,Auckland,Auckland,"Dec 17, 2021, 2:14 PM","Nov 20, 2023, 2:54 PM"
CITANZ-0277,11/03/2025,6/03/2024 23:22,Auckland,Whangaparāoa,"Mar 12, 2022, 7:04 PM","Mar 6, 2024, 11:20 PM"
CITANZ-0278,14/03/2023,14/03/2022 9:34,Auckland,Auckland,"Feb 27, 2022, 7:21 PM","Mar 14, 2022, 9:18 AM"
CITANZ-0279,31/03/2023,"	-",N/A,N/A,"Apr 2, 2022, 3:27 PM","Jan 19, 2023, 8:22 PM"
CITANZ-0280,31/03/2023,"	-",N/A,N/A,"Apr 2, 2022, 3:23 PM","Jul 3, 2024, 5:29 PM"
CITANZ-0281,31/03/2023,"	-",N/A,N/A,"Apr 2, 2022, 3:27 PM","Nov 14, 2023, 9:00 AM"
CITANZ-0282,31/03/2023,"	-",N/A,N/A,"Apr 2, 2022, 3:50 PM","Oct 25, 2022, 6:18 AM"
CITANZ-0283,31/03/2023,"	-",N/A,N/A,"Apr 2, 2022, 4:07 PM","Nov 25, 2022, 6:41 PM"
CITANZ-0284,5/05/2024,8/04/2023 7:05,Wellington,Wellington,"May 6, 2022, 3:40 PM","Apr 8, 2023, 7:03 AM"
CITANZ-0285,8/05/2025,1/05/2024 9:26,Auckland,Auckland,"May 9, 2022, 9:20 PM","May 1, 2024, 9:25 AM"
CITANZ-0286,18/05/2023,18/05/2022 19:18,Wellington,Wellington,"May 17, 2022, 8:30 PM","May 9, 2023, 11:50 PM"
CITANZ-0287,24/05/2025,17/05/2024 17:37,Auckland,Auckland,"May 25, 2022, 3:57 PM","May 17, 2024, 5:36 PM"
CITANZ-0288,26/05/2025,2/05/2024 20:48,Auckland,Auckland,"May 27, 2022, 7:08 PM","May 2, 2024, 8:47 PM"
CITANZ-0289,28/05/2023,28/05/2022 23:00,Auckland,Auckland,"May 28, 2022, 10:57 PM","Jun 4, 2024, 12:49 PM"
CITANZ-0290,23/06/2023,23/06/2022 19:55,Wellington,Porirua,"Jun 23, 2022, 7:39 PM","Jun 23, 2022, 7:39 PM"
CITANZ-0291,23/06/2023,23/06/2022 20:03,Wellington,Wellington,"Jun 23, 2022, 7:59 PM","Oct 4, 2022, 6:47 PM"
CITANZ-0292,14/07/2025,14/06/2024 22:04,Waikato,Hamilton,"Jul 14, 2022, 10:39 PM","Jun 14, 2024, 10:00 PM"
CITANZ-0293,28/07/2023,28/07/2022 21:19,Waikato,Hamilton,"Jul 28, 2022, 8:44 PM","Jul 2, 2023, 6:44 PM"
CITANZ-0294,8/09/2023,8/09/2022 22:13,Wellington,Upper Hutt,"Sep 8, 2022, 10:06 PM","Sep 8, 2022, 10:06 PM"
CITANZ-0295,17/09/2023,17/09/2022 0:10,Auckland,Auckland,"Aug 12, 2022, 9:07 AM","Aug 18, 2023, 11:27 AM"
CITANZ-0296,29/09/2023,29/09/2022 19:18,Waikato,Hamilton,"Sep 29, 2022, 7:12 PM","Sep 29, 2022, 7:13 PM"
CITANZ-0297,30/09/2024,1/09/2023 9:08,Wellington,Wellington,"Sep 29, 2022, 5:14 PM","Sep 1, 2023, 9:03 AM"
CITANZ-0298,16/11/2024,17/11/2023 10:15,Wellington,Wellington,"Sep 4, 2022, 8:32 PM","Nov 17, 2023, 10:14 AM"
CITANZ-0299,7/10/2025,10/09/2024 14:42,Canterbury,Christchurch,"Oct 8, 2022, 12:01 AM","Sep 10, 2024, 2:42 PM"
CITANZ-0300,12/10/2023,12/10/2022 21:06,Canterbury,Christchurch,"Oct 12, 2022, 8:58 PM","Oct 12, 2023, 8:04 AM"
CITANZ-0301,19/10/2023,19/10/2022 21:35,Auckland,Auckland,"Oct 19, 2022, 9:30 PM","Dec 16, 2022, 6:57 PM"
CITANZ-0302,20/10/2023,20/10/2022 19:50,Canterbury,Christchurch,"Oct 20, 2022, 7:34 PM","Oct 20, 2022, 7:40 PM"
CITANZ-0303,20/10/2023,20/10/2022 23:10,Auckland,Auckland,"Oct 20, 2022, 10:56 PM","Oct 20, 2022, 10:57 PM"
CITANZ-0304,30/10/2023,30/10/2022 22:40,Auckland,Auckland,"Oct 30, 2022, 10:35 PM","Oct 30, 2022, 10:35 PM"
CITANZ-0305,5/07/2024,6/07/2023 20:52,Hawke&#039;s Bay,Napier,"May 31, 2022, 6:33 PM","Jul 5, 2023, 3:50 PM"
CITANZ-0306,4/11/2023,4/11/2022 20:39,Auckland,Auckland,"Nov 4, 2022, 8:36 PM","Nov 4, 2022, 8:36 PM"
CITANZ-0307,6/11/2023,6/11/2022 16:53,Shang Hai Shi,N/A,"Aug 6, 2022, 3:42 PM","Nov 6, 2022, 4:33 PM"
CITANZ-0308,17/11/2023,17/11/2022 14:48,Auckland,Auckland,"Nov 17, 2022, 2:36 PM","Nov 19, 2022, 9:56 AM"
CITANZ-0309,18/11/2023,18/11/2022 0:25,Canterbury,Christchurch,"Nov 18, 2022, 12:21 AM","Nov 18, 2022, 12:30 AM"
CITANZ-0310,24/11/2023,24/11/2022 13:38,Canterbury,Christchurch,"Nov 12, 2022, 10:03 PM","Feb 23, 2023, 7:42 PM"
CITANZ-0311,15/02/2025,16/02/2024 22:31,Auckland,Auckland,"Nov 24, 2022, 2:36 PM","Mar 25, 2024, 6:50 PM"
CITANZ-0312,23/11/2024,30/10/2023 10:57,Auckland,Auckland,"Nov 22, 2022, 8:38 PM","Oct 30, 2023, 10:53 AM"
CITANZ-0313,26/11/2023,26/11/2022 0:04,Auckland,Auckland,"Nov 26, 2022, 12:00 AM","Nov 26, 2022, 12:00 AM"
CITANZ-0314,27/11/2023,27/11/2022 20:11,Auckland,Whitford,"Nov 22, 2022, 1:37 PM","Nov 27, 2022, 8:08 PM"
CITANZ-0315,29/11/2024,27/11/2023 10:33,Wellington,Wellington,"Nov 29, 2022, 10:23 PM","May 8, 2024, 9:37 AM"
CITANZ-0316,30/11/2024,1/11/2023 9:58,Canterbury,Christchurch,"Dec 1, 2022, 5:57 PM","Sep 14, 2024, 10:48 PM"
CITANZ-0317,30/11/2024,1/12/2023 12:11,Auckland,Auckland,"Dec 1, 2022, 7:41 PM","Dec 1, 2023, 12:10 PM"
CITANZ-0318,26/01/2025,27/01/2024 18:38,北京市,N/A,"Nov 29, 2022, 5:01 AM","Jan 27, 2024, 6:34 PM"
CITANZ-0319,4/12/2023,4/12/2022 20:21,Auckland,Auckland,"Dec 4, 2022, 8:15 PM","Dec 4, 2022, 8:15 PM"
CITANZ-0320,21/01/2025,22/01/2024 16:37,Auckland,Auckland,"Nov 22, 2022, 10:17 PM","Jan 22, 2024, 4:34 PM"
CITANZ-0321,7/12/2023,7/12/2022 13:48,IDF,Paris,"Dec 7, 2022, 9:38 AM","May 11, 2024, 6:42 PM"
CITANZ-0322,20/12/2023,20/12/2022 21:39,Wellington,Lower Hutt,"Dec 20, 2022, 7:49 PM","Dec 20, 2022, 8:57 PM"
CITANZ-0323,20/12/2024,14/12/2023 8:52,Wellington,Wellington,"Dec 20, 2022, 8:53 PM","Mar 21, 2024, 8:33 PM"
CITANZ-0324,22/12/2023,22/12/2022 16:16,Wellington,Wellington,"Dec 21, 2022, 12:41 PM","Dec 22, 2022, 4:06 PM"
CITANZ-0325,4/01/2024,4/01/2023 11:46,Wellington,Wellington,"Dec 17, 2022, 10:56 AM","Jan 4, 2023, 11:39 AM"
CITANZ-0326,18/01/2024,18/01/2023 13:53,Auckland,Auckland,"Jan 18, 2023, 1:28 PM","Jan 11, 2024, 2:58 PM"
CITANZ-0327,26/01/2024,26/01/2023 20:47,Wellington,Wellington,"Sep 30, 2022, 10:37 AM","Jan 26, 2023, 8:45 PM"
CITANZ-0328,22/02/2025,23/02/2024 16:42,He Bei Sheng,Shi Jia Zhuang Shi,"Feb 23, 2023, 4:26 PM","Jun 29, 2024, 10:14 PM"
CITANZ-0329,13/04/2025,13/04/2024 21:34,Wellington,Lower Hutt,"Feb 20, 2023, 11:08 AM","Apr 13, 2024, 9:33 PM"
CITANZ-0330,28/02/2025,26/02/2024 20:22,Wellington,Wellington,"Mar 1, 2023, 3:15 PM","Jun 6, 2024, 7:33 PM"
CITANZ-0331,3/03/2025,22/02/2024 21:35,Canterbury,Christchurch,"Mar 4, 2023, 4:44 PM","Sep 10, 2024, 3:07 PM"
CITANZ-0332,3/03/2024,4/03/2023 21:57,Wellington,Wellington,"Mar 4, 2023, 9:48 PM","Mar 4, 2023, 9:48 PM"
CITANZ-0333,3/03/2024,4/03/2023 22:22,Wellington,Wellington,"Jul 3, 2022, 12:11 PM","Feb 25, 2024, 5:37 PM"
CITANZ-0334,11/03/2025,11/03/2024 11:15,Canterbury,Christchurch,"Mar 5, 2023, 8:40 PM","Mar 9, 2024, 12:26 PM"
CITANZ-0335,6/03/2024,7/03/2023 18:21,Wellington,Lower Hutt,"Mar 6, 2023, 9:02 PM","Mar 6, 2023, 9:02 PM"
CITANZ-0336,7/03/2024,8/03/2023 14:33,Wellington,Lower Hutt,"Mar 8, 2023, 1:08 PM","Feb 6, 2024, 9:34 PM"
CITANZ-0337,10/03/2025,10/02/2024 10:27,Canterbury,Christchurch,"Mar 4, 2023, 9:26 PM","May 25, 2024, 1:44 PM"
CITANZ-0338,16/07/2025,16/07/2024 21:56,Canterbury,Rolleston,"Mar 4, 2023, 11:12 PM","Jul 16, 2024, 9:52 PM"
CITANZ-0339,10/05/2025,10/05/2024 18:38,Wellington,Wellington,"Mar 14, 2023, 11:49 AM","Jun 4, 2024, 12:33 PM"
CITANZ-0340,13/03/2024,14/03/2023 22:37,Auckland,Auckland,"Mar 13, 2023, 10:00 PM","Apr 22, 2024, 5:21 PM"
CITANZ-0341,14/03/2025,5/03/2024 17:08,Auckland,Auckland,"Mar 13, 2023, 10:59 PM","Mar 5, 2024, 5:05 PM"
CITANZ-0342,14/03/2024,15/03/2023 21:01,Wellington,Lower Hutt,"Dec 30, 2022, 7:58 PM","Mar 1, 2024, 5:47 PM"
CITANZ-0343,16/03/2024,17/03/2023 9:19,Wellington,Wellington,"Mar 17, 2023, 9:15 AM","Mar 27, 2023, 11:24 PM"
CITANZ-0344,15/07/2025,15/07/2024 10:06,Wellington,Wellington,"Mar 16, 2023, 10:04 PM","Jul 12, 2024, 8:34 PM"
CITANZ-0345,17/03/2025,10/03/2024 9:53,Canterbury,Christchurch,"Mar 18, 2023, 1:44 PM","Mar 10, 2024, 9:51 AM"
CITANZ-0346,18/03/2024,19/03/2023 11:14,Canterbury,Christchurch,"Mar 18, 2023, 9:08 PM","Jul 6, 2023, 9:28 PM"
CITANZ-0347,20/03/2024,21/03/2023 22:02,Wellington,Lower Hutt,"Mar 21, 2023, 10:00 PM","Mar 13, 2024, 4:27 PM"
CITANZ-0348,22/03/2024,23/03/2023 22:24,Auckland,Auckland,"Mar 22, 2023, 8:38 PM","Mar 22, 2023, 8:38 PM"
CITANZ-0349,26/03/2024,27/03/2023 21:54,Canterbury,Christchurch,"Mar 27, 2023, 1:00 PM","Mar 27, 2023, 9:53 PM"
CITANZ-0350,31/03/2024,1/04/2023 12:10,Wellington,Lower Hutt,"Apr 1, 2023, 10:44 AM","Apr 1, 2023, 10:44 AM"
CITANZ-0351,20/04/2024,21/04/2023 0:33,Canterbury,Christchurch,"Mar 24, 2023, 11:56 PM","Apr 20, 2023, 10:40 PM"
CITANZ-0352,23/05/2025,23/05/2024 12:30,Auckland,Auckland,"Apr 24, 2023, 12:36 AM","May 23, 2024, 11:55 AM"
CITANZ-0353,21/05/2025,21/05/2024 14:02,Canterbury,Christchurch,"Mar 26, 2023, 6:30 PM","May 21, 2024, 2:01 PM"
CITANZ-0354,29/04/2024,30/04/2023 21:16,Canterbury,Lincoln,"Apr 30, 2023, 8:34 PM","Apr 30, 2023, 8:34 PM"
CITANZ-0355,20/06/2025,20/06/2024 10:12,Canterbury,Lincoln,"May 3, 2023, 11:37 PM","Jun 20, 2024, 10:10 AM"
CITANZ-0356,14/05/2024,15/05/2023 20:16,Wellington,Porirua,"May 15, 2023, 1:27 PM","May 15, 2023, 1:27 PM"
CITANZ-0357,16/05/2024,17/05/2023 1:55,浙江省,杭州市,"May 16, 2023, 12:39 PM","May 16, 2023, 12:39 PM"
CITANZ-0358,23/05/2025,23/05/2024 6:48,Wellington,Lower Hutt,"May 18, 2023, 8:47 AM","May 23, 2024, 6:47 AM"
CITANZ-0359,21/05/2025,14/05/2024 8:05,Wellington,Upper Hutt,"May 22, 2023, 12:38 AM","May 14, 2024, 8:03 AM"
CITANZ-0360,23/05/2024,24/05/2023 19:30,Canterbury,Christchurch,"May 24, 2023, 6:26 PM","May 25, 2023, 11:56 PM"
CITANZ-0361,25/05/2025,18/05/2024 9:54,Waikato,Cambridge,"May 26, 2023, 6:21 PM","May 18, 2024, 8:17 AM"
CITANZ-0362,28/05/2025,28/05/2024 10:11,Wellington,Wellington,"May 29, 2023, 9:24 PM","May 21, 2024, 7:15 PM"
CITANZ-0363,30/05/2024,31/05/2023 15:32,Wellington,Wellington,"May 30, 2023, 5:54 PM","May 31, 2023, 3:29 PM"
CITANZ-0364,7/06/2025,7/06/2024 14:34,Wellington,Lower Hutt,"Jun 7, 2023, 3:56 PM","May 10, 2024, 11:37 AM"
CITANZ-0365,8/06/2024,9/06/2023 20:55,Wellington,Lower Hutt,"Jun 8, 2023, 8:55 PM","Mar 11, 2024, 8:30 PM"
CITANZ-0366,21/06/2024,22/06/2023 19:16,Auckland,Auckland,"Jun 21, 2023, 9:52 AM","Jun 22, 2023, 7:16 PM"
CITANZ-0367,21/06/2024,22/06/2023 20:50,Auckland,Auckland,"Apr 30, 2023, 8:15 PM","Jun 19, 2023, 10:45 PM"
CITANZ-0368,28/06/2024,29/06/2023 22:17,Auckland,Auckland,"Jun 29, 2023, 8:34 PM","Jun 13, 2024, 6:15 PM"
CITANZ-0369,29/06/2024,30/06/2023 13:40,Auckland,Auckland,"Jun 30, 2023, 10:40 AM","Jun 30, 2023, 10:40 AM"
CITANZ-0370,30/06/2024,1/07/2023 14:49,Auckland,Auckland,"Jul 1, 2023, 12:28 AM","Jul 1, 2023, 2:48 PM"
CITANZ-0371,21/07/2025,14/07/2024 19:30,Auckland,Auckland,"Jul 18, 2023, 8:06 PM","Jul 14, 2024, 11:59 AM"
CITANZ-0372,26/07/2024,27/07/2023 3:51,浙江省,杭州市,"Jul 18, 2023, 7:25 PM","Jul 27, 2023, 3:48 AM"
CITANZ-0373,26/08/2025,26/08/2024 11:20,Wellington,Wellington,"Jul 26, 2023, 11:02 PM","Aug 26, 2024, 11:17 AM"
CITANZ-0374,26/07/2024,27/07/2023 20:47,Wellington,Porirua,"Jul 27, 2023, 8:02 PM","Jul 29, 2023, 10:33 PM"
CITANZ-0375,30/07/2024,31/07/2023 17:51,Wellington,Wellington,"Jul 31, 2023, 4:50 PM","Jul 31, 2023, 4:50 PM"
CITANZ-0376,31/07/2025,9/07/2024 10:49,Auckland,Auckland,"Aug 1, 2023, 7:01 PM","Jul 9, 2024, 10:25 AM"
CITANZ-0377,1/08/2024,2/08/2023 23:08,Bei Jing Shi,N/A,"Aug 2, 2023, 10:56 PM","Aug 2, 2023, 11:06 PM"
CITANZ-0378,3/08/2024,4/08/2023 15:35,Wellington,Wellington,"Aug 4, 2023, 2:55 PM","Aug 4, 2023, 2:55 PM"
CITANZ-0379,2/09/2025,2/09/2024 9:44,Wellington,Porirua,"Aug 4, 2023, 6:50 PM","Sep 2, 2024, 9:43 AM"
CITANZ-0380,4/08/2024,5/08/2023 23:19,Auckland,Auckland,"Aug 5, 2023, 11:16 PM","Aug 5, 2023, 11:16 PM"
CITANZ-0381,6/09/2025,6/09/2024 16:09,Wellington,Lower Hutt,"Aug 5, 2023, 5:14 PM","Sep 6, 2024, 8:49 AM"
CITANZ-0382,8/08/2024,9/08/2023 17:11,Auckland,Auckland,"Aug 9, 2023, 5:02 PM","Aug 9, 2023, 5:03 PM"
CITANZ-0383,13/08/2025,20/07/2024 22:03,Auckland,Auckland,"Aug 14, 2023, 3:21 PM","Jul 20, 2024, 9:57 PM"
CITANZ-0384,15/08/2025,16/07/2024 9:17,Wellington,Lower Hutt,"Aug 16, 2023, 3:45 PM","Jul 16, 2024, 9:16 AM"
CITANZ-0385,18/08/2025,18/08/2024 10:42,Wellington,Wellington,"Aug 18, 2023, 6:23 PM","Aug 18, 2024, 10:39 AM"
CITANZ-0386,23/08/2025,23/08/2024 8:07,Wellington,Wellington,"Aug 24, 2023, 10:19 AM","Aug 23, 2024, 8:06 AM"
CITANZ-0387,29/08/2024,30/08/2023 18:06,Auckland,Auckland,"Aug 30, 2023, 5:27 PM","Aug 30, 2023, 5:27 PM"
CITANZ-0388,29/08/2025,29/08/2024 8:10,Auckland,Auckland,"Aug 30, 2023, 10:27 PM","Aug 29, 2024, 8:07 AM"
CITANZ-0389,12/09/2024,13/09/2023 19:08,Auckland,Auckland,"Sep 6, 2023, 8:57 PM","Sep 6, 2023, 8:57 PM"
CITANZ-0390,16/09/2025,27/08/2024 14:01,Auckland,Auckland,"Sep 8, 2023, 6:53 PM","Aug 27, 2024, 2:00 PM"
CITANZ-0391,17/09/2024,18/09/2023 9:00,Auckland,Auckland,"Sep 14, 2023, 1:24 PM","Aug 18, 2024, 12:41 PM"
CITANZ-0392,20/09/2024,21/09/2023 11:59,Auckland,Auckland,"Jul 26, 2023, 10:56 AM","Sep 21, 2023, 11:45 AM"
CITANZ-0393,20/09/2025,12/09/2024 9:42,Auckland,Auckland,"Sep 21, 2023, 10:44 PM","Sep 12, 2024, 9:41 AM"
CITANZ-0394,20/09/2025,2/09/2024 9:37,Canterbury,Christchurch,"Sep 21, 2023, 10:56 PM","Sep 2, 2024, 9:32 AM"
CITANZ-0395,20/09/2024,21/09/2023 23:19,Canterbury,Christchurch,"Sep 21, 2023, 11:09 PM","Sep 21, 2023, 11:10 PM"
CITANZ-0396,21/09/2024,22/09/2023 9:50,Auckland,Auckland,"Sep 22, 2023, 8:26 AM","Aug 22, 2024, 9:31 AM"
CITANZ-0397,21/09/2025,13/09/2024 13:22,Auckland,Auckland,"Sep 22, 2023, 6:42 AM","Sep 13, 2024, 1:21 PM"
CITANZ-0398,21/09/2025,14/09/2024 13:03,Wellington,Wellington,"Sep 22, 2023, 6:54 PM","Sep 14, 2024, 1:03 PM"
CITANZ-0399,21/09/2025,12/09/2024 10:55,Auckland,Auckland,"Sep 22, 2023, 6:55 PM","Sep 12, 2024, 9:46 AM"
CITANZ-0400,23/09/2025,24/08/2024 11:13,Canterbury,Springston,"Sep 21, 2023, 10:27 PM","Aug 24, 2024, 11:12 AM"
CITANZ-0401,27/09/2024,28/09/2023 9:19,Wellington,Wellington,"Sep 25, 2023, 9:29 AM","Sep 28, 2023, 9:13 AM"
CITANZ-0402,27/09/2024,28/09/2023 22:39,Canterbury,Christchurch,"Sep 28, 2023, 10:23 PM","Sep 28, 2023, 10:23 PM"
CITANZ-0403,7/10/2024,8/10/2023 9:31,Auckland,Auckland,"Oct 8, 2023, 7:24 AM","Mar 18, 2024, 3:01 PM"
CITANZ-0404,21/10/2024,22/10/2023 22:19,Auckland,Auckland,"Jul 18, 2023, 8:21 PM","Mar 31, 2024, 6:51 PM"
CITANZ-0405,25/10/2024,26/10/2023 22:48,Auckland,Auckland,"Aug 17, 2023, 1:04 AM","May 11, 2024, 12:08 PM"
CITANZ-0406,26/10/2024,27/10/2023 22:53,Auckland,Auckland,"Oct 24, 2023, 7:58 PM","May 11, 2024, 11:46 AM"
CITANZ-0407,29/10/2024,30/10/2023 9:49,Canterbury,Christchurch,"Oct 27, 2023, 3:28 PM","Oct 30, 2023, 9:47 AM"
CITANZ-0408,15/11/2024,16/11/2023 12:05,Auckland,Auckland,"Jun 29, 2023, 12:07 AM","Mar 20, 2024, 12:26 PM"
CITANZ-0409,22/11/2024,23/11/2023 12:28,Canterbury,Christchurch,"Nov 23, 2023, 11:08 AM","Nov 23, 2023, 11:08 AM"
CITANZ-0410,22/11/2024,23/11/2023 22:32,Canterbury,Christchurch,"Nov 23, 2023, 3:18 PM","Jul 3, 2024, 7:21 PM"
CITANZ-0411,5/12/2024,6/12/2023 8:59,Auckland,Auckland,"Dec 5, 2023, 1:56 PM","Dec 5, 2023, 1:57 PM"
CITANZ-0412,12/12/2024,13/12/2023 15:10,Canterbury,Christchurch,"Nov 23, 2023, 1:19 PM","Dec 13, 2023, 3:08 PM"
CITANZ-0413,12/12/2024,13/12/2023 21:20,Auckland,Auckland,"Nov 29, 2023, 3:21 PM","Feb 10, 2024, 9:59 PM"
CITANZ-0414,1/01/2025,2/01/2024 21:27,Auckland,Auckland,"Oct 31, 2023, 4:30 PM","Jan 2, 2024, 9:24 PM"
CITANZ-0415,26/01/2025,27/01/2024 12:32,Wellington,Wellington,"Jan 27, 2024, 10:10 AM","Jan 27, 2024, 12:29 PM"
CITANZ-0416,26/01/2025,27/01/2024 20:40,Wellington,Wellington,"Jan 27, 2024, 2:28 PM","Jan 27, 2024, 8:35 PM"
CITANZ-0417,27/01/2025,28/01/2024 22:15,Wellington,Wellington,"Jan 28, 2024, 11:10 AM","Sep 9, 2024, 8:54 PM"
CITANZ-0418,1/02/2025,2/02/2024 10:15,Auckland,Auckland,"Dec 13, 2023, 12:13 PM","May 11, 2024, 11:42 AM"
CITANZ-0419,7/02/2025,8/02/2024 12:48,Wellington,Wellington,"Feb 3, 2024, 10:01 PM","Feb 7, 2024, 11:11 AM"
CITANZ-0420,13/02/2025,14/02/2024 14:35,Auckland,Auckland,"Dec 19, 2023, 3:10 PM","Feb 14, 2024, 2:33 PM"
CITANZ-0421,19/02/2025,20/02/2024 18:15,Wellington,Wellington,"Feb 19, 2024, 2:25 PM","Feb 19, 2024, 2:25 PM"
CITANZ-0422,22/02/2025,23/02/2024 13:38,Auckland,Auckland,"Sep 4, 2022, 9:21 PM","Feb 23, 2024, 1:36 PM"
CITANZ-0423,23/02/2025,24/02/2024 17:03,Canterbury,Christchurch,"Feb 23, 2024, 6:33 PM","May 27, 2024, 9:30 AM"
CITANZ-0424,23/02/2025,24/02/2024 17:54,Wellington,Wellington,"Feb 21, 2024, 1:06 PM","Feb 21, 2024, 1:07 PM"
CITANZ-0425,26/02/2025,27/02/2024 10:57,Auckland,Auckland,"Feb 23, 2024, 9:32 PM","Feb 23, 2024, 9:32 PM"
CITANZ-0426,4/03/2025,4/03/2024 21:04,Wellington,Porirua,"Feb 28, 2024, 10:37 PM","Feb 28, 2024, 10:37 PM"
CITANZ-0427,6/03/2025,6/03/2024 15:59,Wellington,Wellington,"Mar 6, 2024, 3:47 PM","Mar 6, 2024, 3:47 PM"
CITANZ-0428,14/03/2025,14/03/2024 17:41,Wellington,Wellington,"Jan 27, 2024, 3:22 PM","Mar 14, 2024, 5:14 PM"
CITANZ-0429,21/03/2025,21/03/2024 9:35,Auckland,Auckland,"Mar 20, 2024, 2:34 PM","Mar 21, 2024, 9:34 AM"
CITANZ-0430,25/03/2025,25/03/2024 21:49,N/A,N/A,"Mar 25, 2024, 9:47 PM","Mar 25, 2024, 9:47 PM"
CITANZ-0431,27/03/2025,27/03/2024 20:25,Auckland,Auckland,"Mar 27, 2024, 5:26 PM","Mar 27, 2024, 8:23 PM"
CITANZ-0432,1/04/2025,1/04/2024 13:51,Canterbury,Christchurch,"Mar 5, 2024, 7:05 PM","May 30, 2024, 11:26 AM"
CITANZ-0433,3/04/2025,3/04/2024 18:47,Auckland,Auckland,"Mar 26, 2024, 11:26 AM","Aug 19, 2024, 9:34 AM"
CITANZ-0434,5/04/2025,5/04/2024 11:16,Canterbury,Christchurch,"Apr 5, 2024, 11:12 AM","Apr 5, 2024, 11:12 AM"
CITANZ-0435,8/04/2025,8/04/2024 6:43,Canterbury,Christchurch,"Apr 8, 2024, 2:57 AM","Apr 12, 2024, 11:23 PM"
CITANZ-0436,8/04/2025,8/04/2024 8:39,Canterbury,Lincoln,"Apr 7, 2024, 10:15 PM","Apr 8, 2024, 8:36 AM"
CITANZ-0437,8/04/2025,8/04/2024 10:54,Canterbury,Lincoln,"Apr 7, 2024, 10:51 PM","Apr 8, 2024, 10:51 AM"
CITANZ-0438,11/04/2025,11/04/2024 9:25,Waikato,Hamilton,"Jun 26, 2023, 8:49 PM","Apr 10, 2024, 2:26 PM"
CITANZ-0439,13/04/2025,13/04/2024 20:41,Wellington,Wellington,"Apr 13, 2024, 7:43 PM","Apr 13, 2024, 7:50 PM"
CITANZ-0440,14/04/2025,14/04/2024 14:19,N/A,N/A,"Apr 14, 2024, 2:16 PM","Apr 14, 2024, 2:16 PM"
CITANZ-0441,14/04/2025,14/04/2024 23:33,Canterbury,Christchurch,"Sep 27, 2023, 11:30 AM","Sep 11, 2024, 10:23 PM"
CITANZ-0442,15/04/2025,15/04/2024 0:07,Canterbury,Christchurch,"Apr 14, 2024, 11:55 PM","Jun 1, 2024, 1:38 PM"
CITANZ-0443,15/04/2023,"	-",Waitaha,Rolleston,"Apr 15, 2024, 10:33 AM","Apr 15, 2024, 10:33 AM"
CITANZ-0444,17/04/2025,17/04/2024 20:13,Auckland,Auckland,"Aug 8, 2023, 9:47 PM","Apr 17, 2024, 8:10 PM"
CITANZ-0445,17/04/2025,17/04/2024 21:47,Canterbury,Lincoln,"Apr 17, 2024, 9:30 PM","Apr 17, 2024, 9:30 PM"
CITANZ-0446,18/04/2025,18/04/2024 9:16,Auckland,Auckland,"Apr 17, 2024, 9:58 PM","Apr 17, 2024, 9:58 PM"
CITANZ-0447,18/04/2025,18/04/2024 20:27,Canterbury,Christchurch,"Sep 21, 2023, 10:28 PM","Apr 18, 2024, 8:24 PM"
CITANZ-0448,19/04/2025,19/04/2024 12:51,Auckland,Auckland,"Apr 19, 2024, 12:46 PM","Apr 19, 2024, 12:46 PM"
CITANZ-0449,30/07/2024,19/04/2024 13:19,Canterbury,Christchurch,"Apr 19, 2024, 12:47 PM","Apr 19, 2024, 12:47 PM"
CITANZ-0450,19/04/2025,19/04/2024 16:44,Auckland,Auckland,"Apr 19, 2024, 11:29 AM","Apr 19, 2024, 11:29 AM"
CITANZ-0451,19/04/2025,19/04/2024 17:17,Canterbury,Christchurch,"Apr 15, 2024, 9:53 AM","Apr 19, 2024, 5:16 PM"
CITANZ-0452,19/04/2025,19/04/2024 21:18,Canterbury,Christchurch,"Apr 7, 2024, 10:42 PM","Apr 19, 2024, 3:40 PM"
CITANZ-0453,19/04/2025,19/04/2024 21:24,Wellington,Wellington,"Apr 19, 2024, 8:53 PM","Apr 19, 2024, 8:53 PM"
CITANZ-0454,19/04/2025,19/04/2024 22:06,Auckland,Auckland,"Apr 17, 2024, 3:58 PM","Apr 19, 2024, 1:32 PM"
CITANZ-0455,20/04/2025,20/04/2024 19:53,Canterbury,Rolleston,"Apr 14, 2024, 10:00 PM","Apr 19, 2024, 9:47 PM"
CITANZ-0456,22/04/2025,22/04/2024 12:40,Auckland,Auckland,"Apr 17, 2024, 12:10 PM","Jun 4, 2024, 10:04 PM"
CITANZ-0457,25/04/2025,25/04/2024 19:27,Manawatū-Whanganui,Palmerston North,"Apr 25, 2024, 7:22 PM","Apr 25, 2024, 7:26 PM"
CITANZ-0458,9/05/2025,9/05/2024 6:18,Auckland,Auckland,"May 9, 2024, 6:09 AM","May 9, 2024, 8:14 AM"
CITANZ-0459,10/05/2025,10/05/2024 11:15,Auckland,Auckland,"May 5, 2024, 2:19 PM","Jun 3, 2024, 6:52 PM"
CITANZ-0460,10/05/2025,10/05/2024 12:33,Wellington,Wellington,"May 9, 2024, 8:06 PM","May 31, 2024, 1:59 PM"
CITANZ-0461,10/05/2025,10/05/2024 13:52,Auckland,Auckland,"May 10, 2024, 12:51 PM","Jun 2, 2024, 10:08 AM"
CITANZ-0462,13/05/2025,13/05/2024 20:43,Auckland,Auckland,"Apr 30, 2023, 7:38 PM","Aug 23, 2024, 10:01 AM"
CITANZ-0463,13/05/2025,13/05/2024 20:57,Auckland,Auckland,"May 13, 2024, 8:35 PM","May 13, 2024, 8:35 PM"
CITANZ-0464,14/05/2025,14/05/2024 13:40,Auckland,Auckland,"May 14, 2024, 1:18 PM","May 14, 2024, 1:18 PM"
CITANZ-0465,14/05/2025,14/05/2024 18:51,Auckland,Auckland,"May 4, 2024, 10:37 AM","Jun 6, 2024, 4:54 PM"
CITANZ-0466,21/05/2025,21/05/2024 15:05,Bei Jing Shi,N/A,"May 21, 2024, 2:56 PM","May 21, 2024, 2:56 PM"
CITANZ-0467,25/05/2025,25/05/2024 16:26,Wellington,Lower Hutt,"May 25, 2024, 4:15 PM","May 25, 2024, 4:15 PM"
CITANZ-0468,28/05/2025,28/05/2024 11:14,Auckland,Auckland,"May 28, 2024, 10:45 AM","May 28, 2024, 10:45 AM"
CITANZ-0469,29/05/2025,29/05/2024 23:48,Auckland,Auckland,"Apr 11, 2024, 8:22 PM","Jun 7, 2024, 1:28 PM"
CITANZ-0470,30/05/2025,30/05/2024 15:50,Wellington,Wellington,"May 17, 2024, 3:42 PM","May 21, 2024, 12:59 PM"
CITANZ-0471,31/05/2025,31/05/2024 16:11,Canterbury,Christchurch,"Mar 1, 2024, 8:26 AM","May 31, 2024, 4:11 PM"
CITANZ-0472,31/05/2025,31/05/2024 22:16,Canterbury,Christchurch,"May 21, 2024, 11:06 PM","May 21, 2024, 11:06 PM"
CITANZ-0473,1/06/2025,1/06/2024 22:12,Canterbury,Christchurch,"Jun 1, 2024, 4:15 PM","Jun 1, 2024, 10:11 PM"
CITANZ-0474,3/06/2025,3/06/2024 21:08,Auckland,Auckland,"Jun 2, 2024, 5:21 PM","Jun 3, 2024, 9:07 PM"
CITANZ-0475,7/06/2025,7/06/2024 16:34,Auckland,Auckland,"Jun 7, 2024, 2:27 PM","Jun 7, 2024, 2:27 PM"
CITANZ-0476,10/06/2025,10/06/2024 21:37,Wellington,Wellington,"Jun 9, 2024, 10:37 PM","Jun 9, 2024, 10:37 PM"
CITANZ-0477,12/06/2025,12/06/2024 21:52,Auckland,Auckland,"Jun 12, 2024, 12:33 PM","Jun 12, 2024, 9:49 PM"
CITANZ-0478,12/06/2025,12/06/2024 22:09,Auckland,Auckland,"Jun 12, 2024, 8:18 PM","Aug 8, 2024, 1:53 PM"
CITANZ-0479,14/06/2025,14/06/2024 10:29,Auckland,Auckland,"Jun 14, 2024, 10:23 AM","Jun 14, 2024, 10:23 AM"
CITANZ-0480,14/06/2025,14/06/2024 10:31,Auckland,Auckland,"Jun 13, 2024, 9:11 PM","Jun 13, 2024, 9:11 PM"
CITANZ-0481,15/06/2025,15/06/2024 12:56,Te Whanga-nui-a-Tara,Te Awakairangi,"Apr 27, 2024, 2:21 PM","Jun 15, 2024, 12:53 PM"
CITANZ-0482,28/06/2025,28/06/2024 15:44,Auckland,Auckland,"Jun 28, 2024, 3:39 PM","Jun 28, 2024, 3:40 PM"
CITANZ-0483,28/06/2025,28/06/2024 21:27,Auckland,Auckland,"Mar 27, 2024, 5:34 PM","Jun 27, 2024, 5:22 PM"
CITANZ-0484,28/06/2025,28/06/2024 23:43,Auckland,Auckland,"Jun 28, 2024, 11:33 PM","Jun 28, 2024, 11:33 PM"
CITANZ-0485,30/06/2025,30/06/2024 1:31,KA,Bengaluru,"Jun 28, 2024, 3:54 PM","Jun 28, 2024, 3:55 PM"
CITANZ-0486,1/07/2025,1/07/2024 21:51,Wellington,Wellington,"Jun 29, 2024, 10:28 AM","Jul 1, 2024, 9:53 PM"
CITANZ-0487,4/07/2025,4/07/2024 18:35,Auckland,Auckland,"Jul 4, 2024, 6:17 PM","Jul 4, 2024, 6:20 PM"
CITANZ-0488,5/07/2025,5/07/2024 17:24,Auckland,Auckland,"Jun 30, 2024, 12:09 AM","Jun 30, 2024, 12:09 AM"
CITANZ-0489,8/07/2025,8/07/2024 0:58,Zhe Jiang Sheng,Hang Zhou Shi,"Jul 7, 2024, 10:39 PM","Jul 8, 2024, 3:26 AM"
CITANZ-0490,10/07/2025,10/07/2024 9:12,Auckland,Auckland,"Mar 26, 2024, 12:07 AM","Jul 10, 2024, 9:10 AM"
CITANZ-0491,12/07/2025,12/07/2024 14:17,Auckland,Auckland,"Jul 12, 2024, 11:37 AM","Jul 18, 2024, 8:49 PM"
CITANZ-0492,13/07/2025,13/07/2024 18:02,Auckland,Auckland,"Jul 10, 2024, 12:34 PM","Jul 22, 2024, 9:37 PM"
CITANZ-0493,16/07/2025,16/07/2024 12:10,Auckland,Auckland,"Jul 16, 2024, 11:56 AM","Jul 16, 2024, 12:02 PM"
CITANZ-0494,16/07/2025,16/07/2024 23:03,Auckland,Auckland,"Jul 16, 2024, 9:15 AM","Jul 16, 2024, 9:15 AM"
CITANZ-0495,17/07/2025,17/07/2024 15:14,Auckland,Auckland,"Jul 3, 2024, 6:20 PM","Jul 3, 2024, 6:20 PM"
CITANZ-0496,17/07/2025,17/07/2024 19:20,Waikato,Hamilton,"Jul 17, 2024, 7:12 PM","Jul 17, 2024, 7:12 PM"
CITANZ-0497,20/07/2025,20/07/2024 3:52,Auckland,Auckland,"Jul 19, 2024, 7:58 PM","Jul 19, 2024, 7:58 PM"
CITANZ-0498,21/07/2025,21/07/2024 11:00,Waikato,Onewhero,"Jul 21, 2024, 10:51 AM","Jul 30, 2024, 9:35 AM"
CITANZ-0499,21/07/2025,21/07/2024 17:05,Wellington,Lower Hutt,"Jul 21, 2024, 4:31 PM","Sep 4, 2024, 11:36 AM"
CITANZ-0500,22/07/2025,22/07/2024 13:42,Wellington,Wellington,"Jul 22, 2024, 10:06 AM","Jul 22, 2024, 10:25 AM"
CITANZ-0501,22/07/2025,22/07/2024 14:47,N/A,Singapore,"Jul 22, 2024, 2:45 PM","Jul 22, 2024, 2:45 PM"
CITANZ-0502,22/07/2025,22/07/2024 16:47,Wellington,Wellington,"Jul 10, 2024, 5:49 PM","Jul 10, 2024, 5:49 PM"
CITANZ-0503,22/07/2025,22/07/2024 16:59,Wellington,Wellington,"Jul 22, 2024, 4:51 PM","Jul 22, 2024, 4:51 PM"
CITANZ-0504,23/07/2025,23/07/2024 14:10,Wellington,Wellington,"May 10, 2024, 6:33 PM","Jul 23, 2024, 2:10 PM"
CITANZ-0505,28/07/2025,28/07/2024 21:01,Auckland,Auckland,"Jul 24, 2024, 7:52 PM","Jul 25, 2024, 4:37 PM"
CITANZ-0506,30/07/2025,30/07/2024 10:09,Wellington,Porirua,"Jul 21, 2024, 3:11 PM","Jul 27, 2024, 6:13 PM"
CITANZ-0507,31/07/2025,31/07/2024 18:56,Auckland,Auckland,"Jul 1, 2024, 9:54 PM","Jul 30, 2024, 11:40 PM"
CITANZ-0508,1/08/2025,1/08/2024 12:02,Canterbury,Christchurch,"Jul 31, 2024, 5:06 PM","Sep 14, 2024, 11:01 PM"
CITANZ-0509,2/08/2025,2/08/2024 11:29,Auckland,Auckland,"Jul 8, 2024, 4:27 PM","Jul 8, 2024, 4:27 PM"
CITANZ-0510,6/08/2025,6/08/2024 14:00,Auckland,Auckland,"Aug 6, 2024, 1:53 PM","Aug 6, 2024, 1:57 PM"
CITANZ-0511,11/08/2025,11/08/2024 13:09,Auckland,Auckland,"Aug 10, 2024, 10:13 PM","Aug 11, 2024, 1:08 PM"
CITANZ-0512,12/08/2025,12/08/2024 19:48,Auckland,Auckland,"Dec 2, 2022, 9:10 PM","Aug 12, 2024, 7:45 PM"
CITANZ-0513,16/08/2025,16/08/2024 10:14,Auckland,Auckland,"Aug 16, 2024, 8:21 AM","Aug 16, 2024, 8:21 AM"
CITANZ-0514,17/08/2025,17/08/2024 18:39,Canterbury,Lincoln,"Jun 25, 2024, 8:17 PM","Jul 22, 2024, 11:06 AM"
CITANZ-0515,18/08/2025,18/08/2024 11:10,Auckland,Auckland,"Aug 18, 2024, 9:01 AM","Aug 18, 2024, 9:59 AM"
CITANZ-0516,18/08/2025,18/08/2024 21:56,Auckland,Auckland,"Aug 18, 2024, 2:29 PM","Aug 18, 2024, 2:39 PM"
CITANZ-0517,20/08/2025,20/08/2024 19:30,Canterbury,Christchurch,"Aug 17, 2024, 10:07 PM","Aug 17, 2024, 10:07 PM"
CITANZ-0518,20/08/2025,20/08/2024 20:38,Waikato,Hamilton,"Aug 19, 2024, 7:32 PM","Aug 20, 2024, 5:24 PM"
CITANZ-0519,20/08/2025,20/08/2024 20:45,Auckland,Auckland,"Aug 20, 2024, 6:04 PM","Aug 20, 2024, 6:04 PM"
CITANZ-0520,21/08/2025,21/08/2024 10:31,Auckland,Auckland,"Aug 21, 2024, 8:31 AM","Aug 21, 2024, 8:31 AM"
CITANZ-0521,21/08/2025,21/08/2024 14:17,Auckland,Auckland,"Jun 25, 2024, 10:43 PM","Aug 21, 2024, 1:51 PM"
CITANZ-0522,25/08/2025,25/08/2024 7:01,Auckland,Auckland,"Aug 23, 2024, 10:02 AM","Aug 23, 2024, 10:02 AM"
CITANZ-0523,26/08/2025,26/08/2024 11:11,Auckland,Auckland,"Aug 21, 2024, 1:09 PM","Sep 5, 2024, 3:56 PM"
CITANZ-0524,26/08/2025,26/08/2024 23:19,Wellington,Wellington,"Jul 24, 2024, 7:34 PM","Aug 26, 2024, 11:16 PM"
CITANZ-0525,27/08/2025,27/08/2024 9:47,Canterbury,Christchurch,"Aug 27, 2024, 9:44 AM","Aug 27, 2024, 9:44 AM"
CITANZ-0526,27/08/2025,27/08/2024 19:42,Auckland,Auckland,"Aug 26, 2024, 7:43 PM","Aug 27, 2024, 2:50 PM"
CITANZ-0527,28/08/2025,28/08/2024 11:03,Waikato,Hamilton,"Apr 23, 2024, 2:18 AM","Aug 28, 2024, 6:52 AM"
CITANZ-0528,5/09/2025,5/09/2024 20:03,Auckland,Auckland,"Sep 21, 2023, 10:01 PM","Sep 5, 2024, 8:01 PM"
CITANZ-0529,6/09/2025,6/09/2024 21:34,Auckland,Auckland,"Sep 6, 2024, 2:46 PM","Sep 7, 2024, 10:10 AM"
CITANZ-0530,6/09/2025,6/09/2024 21:43,Wellington,Wellington,"Sep 6, 2024, 9:18 PM","Sep 6, 2024, 9:19 PM"
CITANZ-0531,7/09/2025,7/09/2024 13:40,Auckland,Auckland,"Sep 7, 2024, 10:25 AM","Sep 7, 2024, 10:25 AM"
CITANZ-0532,12/09/2025,12/09/2024 10:56,Canterbury,Christchurch,"Sep 12, 2024, 10:20 AM","Sep 12, 2024, 10:20 AM"
CITANZ-0533,12/09/2025,12/09/2024 14:35,Canterbury,Christchurch,"Sep 12, 2024, 11:44 AM","Sep 13, 2024, 6:57 PM"
CITANZ-0534,13/09/2025,13/09/2024 15:47,Canterbury,Christchurch,"Sep 13, 2024, 11:17 AM","Sep 13, 2024, 3:44 PM"
CITANZ-0535,13/09/2025,13/09/2024 16:43,Canterbury,Christchurch,"Sep 11, 2024, 10:04 PM","Sep 11, 2024, 10:04 PM"
CITANZ-0536,13/09/2025,13/09/2024 19:54,Canterbury,Christchurch,"Sep 2, 2024, 3:55 PM","Sep 13, 2024, 7:50 PM"
CITANZ-0537,13/09/2025,13/09/2024 23:10,Auckland,Auckland,"Aug 31, 2024, 10:49 PM","Aug 31, 2024, 10:49 PM"
TEST-111,19/03/2023,"	-",Wellington,Lower Hutt,"Mar 19, 2022, 11:42 AM","Aug 18, 2024, 12:41 PM"
TEST-1113,1/08/2024,"	-",Wellington,Porirua,"Jan 25, 2024, 11:24 PM","Aug 19, 2024, 9:21 PM"
